{
    "settings": {
        "options": {
            "show_on_front": "posts",
            "posts_per_page": "9",
            "stylesheet": "pub/textbook",
            "featured-content": {
                "tag-id": 35890,
                "tag-name": "featured",
                "hide-tag": 1,
                "show-all": 0
            }
        },
        "theme_mods": {
            "0": false,
            "header_textcolor": "000000",
            "header_image": "https://textbookdemo.files.wordpress.com/2016/07/cropped-cropped-building-54347_1920.jpg",
            "header_image_data": {
                "attachment_id": 112,
                "url": "https://textbookdemo.files.wordpress.com/2016/07/cropped-cropped-building-54347_1920.jpg",
                "thumbnail_url": "https://textbookdemo.files.wordpress.com/2016/07/cropped-cropped-building-54347_1920.jpg",
                "height": 960,
                "width": 1980
            },
            "nav_menu_locations": {
                "header": "primary",
                "jetpack-social-menu": "social-media"
            },
            "custom_logo": "https:\/\/headstartdata.files.wordpress.com\/2017\/02\/textbook-logo.png",
            "jetpack_testimonials": {
                "page-title": "Unsere Absolventen"
            }
        },
        "headstart": {
            "mapped_id_options": [],
            "mapped_id_theme_mods": [],
            "keep_submenu_items": true
        }
    },
    "widgets": [
        {
            "id": "search-2",
            "id_base": "search",
            "settings": {
                "title": "Suche"
            },
            "sidebar": "sidebar-1",
            "position": 0
        },
        {
            "id": "text-2",
            "id_base": "text",
            "settings": {
                "title": "Text-Widget",
                "text": "Dies ist ein Text-Widget, mit dem du zu deiner Seitenleiste Text oder HTML-Code hinzufügen kannst. Damit kannst du Text, Links, Bilder, HTML-Code oder eine Kombination daraus anzeigen. Bearbeite diese im Bereich „Widget“ des <a href=\"https://wordpress.com/customize/\">Customizer</a>."
            },
            "sidebar": "sidebar-1",
            "position": 1
        }
    ],
    "content": [
        {
            "post_title": "Über",
            "post_content": "Dies ist ein Beispiel für eine Seite „Über“. Im Unterschied zu Beiträgen eignen sich Seiten besser für Inhalte, die länger aktuell bleiben und leicht zugänglich sein sollen, wie die Angaben unter „Über“ oder „Kontakt“. Klicke auf den Link „Bearbeiten“, um diese Seite zu ändern, oder <a href=\"https://wordpress.com/page\">füge eine weitere Seite hinzu</a>.",
            "post_excerpt": "Dies ist nur eine Kurzfassung der Seite&nbsp;„Über“.",
            "post_status": "publish",
            "menu_order": 2,
            "menu_item_description": "This is just a menu item description.",
            "comment_status": "closed",
            "ping_status": "closed",
            "post_type": "page",
            "hs_custom_meta": "_hs_about_page",
            "hs_sharing": 1,
            "hs_like_status": 1,
            "attachment_url": "https://headstartdata.files.wordpress.com/2016/06/stairs-lights-abstract-bubbles1.jpg",
            "hs_old_id": 100
        },
        {
            "post_title": "Kontakt",
            "post_content": "Dies ist ein Beispiel zur Seite „Kontakt“ mit grundlegenden Kontaktinformationen und einem Kontaktformular. [contact-form][contact-field label=\"Name\" type=\"name\" required=\"1\"/][contact-field label=\"E-Mail-Adresse\" type=\"email\" required=\"1\"/][contact-field label=\"Website\" type=\"url\"/][contact-field label=\"Kommentar\" type=\"textarea\" required=\"1\"/][/contact-form]",
            "post_excerpt": "Dies ist nur eine Kurzfassung der Seite&nbsp;„Kontakt“.",
            "post_status": "publish",
            "menu_order": 3,
            "menu_item_description": "This is just a menu item description.",
            "comment_status": "closed",
            "ping_status": "closed",
            "post_type": "page",
            "hs_custom_meta": "_hs_contact_page",
            "hs_sharing": 1,
            "hs_like_status": 1,
            "attachment_url": "https://headstartdata.files.wordpress.com/2016/06/person-smartphone-office-table.jpeg",
            "hs_old_id": 101
        },
        {
            "post_title": "Erster Blogbeitrag",
            "post_content": "Dies ist dein erster Beitrag. Klicke auf den Link „Bearbeiten“, um diesen zu bearbeiten oder zu löschen, oder <a href=\"https://wordpress.com/post\">beginne einen neuen Beitrag</a>. Wenn du möchtest, kannst du deinen Lesern in diesem Beitrag mitteilen, warum du diesen Blog begonnen hast und was du damit vorhast.",
            "post_excerpt": "Dies ist die Kurzfassung deines ersten Beitrags.",
            "post_status": "publish",
            "comment_status": "open",
            "ping_status": "open",
            "post_type": "post",
            "hs_custom_meta": "_hs_first_post",
            "hs_sharing": 1,
            "hs_like_status": 1,
            "attachment_url": "https://headstartdata.files.wordpress.com/2016/06/pexels-photo-30732.jpg",
            "hs_old_id": 102
        },
        {
            "post_title": "Zweiter Blogbeitrag",
            "post_content": "Dies ist dein zweiter Beitrag. Klicke auf den Link „Bearbeiten“, um diesen zu bearbeiten oder zu löschen, oder <a href=\"https://wordpress.com/post\">beginne einen neuen Beitrag</a>. Wenn du möchtest, kannst du deinen Lesern in diesem Beitrag mitteilen, warum du diesen Blog begonnen hast und was du damit vorhast.",
            "post_excerpt": "Dies ist die Kurzfassung deines zweiten Beitrags.",
            "post_status": "publish",
            "comment_status": "open",
            "ping_status": "open",
            "post_type": "post",
            "hs_custom_meta": "_hs_second_post",
            "hs_sharing": 1,
            "hs_like_status": 1,
            "attachment_url": "https://headstartdata.files.wordpress.com/2016/11/wave-384385_1280.jpg",
            "hs_old_id": 107
        },
        {
            "post_title": "Hervorgehobener Inhalt",
            "post_content": "Dies ist ein Beitrag mit hervorgehobenem Inhalt. Klicke auf den Link „Bearbeiten“, um diesen zu bearbeiten oder zu löschen, oder <a href=\"https://wordpress.com/post\">beginne einen neuen Beitrag</a>.",
            "post_excerpt": "Dies ist die Kurzfassung eines hervorgehobenen Beitrags.",
            "post_status": "publish",
            "comment_status": "open",
            "ping_status": "open",
            "post_type": "post",
            "hs_custom_meta": "_hs_featured_content",
            "hs_sharing": 1,
            "hs_like_status": 1,
            "tags_input": [
                "featured"
            ],
            "attachment_url": "https://headstartdata.files.wordpress.com/2016/08/hwijjf7rwopgej1nb4zb_img_3773.jpg",
            "hs_old_id": 105
        },
        {
            "post_title": "Hervorgehobener Inhalt",
            "post_content": "Dies ist ein Beitrag mit hervorgehobenem Inhalt. Klicke auf den Link „Bearbeiten“, um diesen zu bearbeiten oder zu löschen, oder <a href=\"https://wordpress.com/post\">beginne einen neuen Beitrag</a>.",
            "post_excerpt": "Dies ist die Kurzfassung eines hervorgehobenen Beitrags.",
            "post_status": "publish",
            "comment_status": "open",
            "ping_status": "open",
            "post_type": "post",
            "hs_custom_meta": "_hs_featured_content",
            "hs_sharing": 1,
            "hs_like_status": 1,
            "tags_input": [
                "featured"
            ],
            "attachment_url": "https://headstartdata.files.wordpress.com/2016/06/drink-coffee2.jpg",
            "hs_old_id": 106
        },
        {
            "post_title": "Hervorgehobener Inhalt",
            "post_content": "Dies ist ein Beitrag mit hervorgehobenem Inhalt. Klicke auf den Link „Bearbeiten“, um diesen zu bearbeiten oder zu löschen, oder <a href=\"https://wordpress.com/post\">beginne einen neuen Beitrag</a>.",
            "post_excerpt": "Dies ist die Kurzfassung eines hervorgehobenen Beitrags.",
            "post_status": "publish",
            "comment_status": "open",
            "ping_status": "open",
            "post_type": "post",
            "hs_custom_meta": "_hs_featured_content",
            "hs_sharing": 1,
            "hs_like_status": 1,
            "tags_input": [
                "featured"
            ],
            "hs_old_id": 108
        },
        {
            "post_title": "Ein großer Fan von dir",
            "post_content": "Dies ist eine <a href=\"https://en.support.wordpress.com/testimonials/\">Referenz</a>. Klicke auf den Link „Bearbeiten“, um diese zu bearbeiten, zu löschen oder <a href=\"https://wordpress.com/types/jetpack-testimonial\">eine neue Referenz hinzuzufügen</a>.",
            "post_excerpt": "",
            "post_status": "publish",
            "comment_status": "closed",
            "ping_status": "closed",
            "post_type": "jetpack-testimonial",
            "hs_custom_meta": "_hs_testimonial",
            "hs_sharing": 1,
            "hs_like_status": 1,
            "attachment_url": false,
            "hs_old_id": 300
        },
        {
            "post_title": "Ein großer Fan von dir",
            "post_content": "Dies ist eine zweite <a href=\"https://en.support.wordpress.com/testimonials/\">Referenz</a>. Klicke auf den Link „Bearbeiten“, um diese zu bearbeiten, zu löschen oder <a href=\"https://wordpress.com/types/jetpack-testimonial\">eine neue Referenz hinzuzufügen</a>.",
            "post_excerpt": "",
            "post_status": "publish",
            "comment_status": "closed",
            "ping_status": "closed",
            "post_type": "jetpack-testimonial",
            "hs_custom_meta": "_hs_testimonial",
            "hs_sharing": 1,
            "hs_like_status": 1,
            "attachment_url": false,
            "hs_old_id": 301
        }
    ],
    "menus": {
        "social-media": {
            "name": "Soziale Medien",
            "items": [
                {
                    "menu-item-title": "Facebook",
                    "menu-item-db-id": 175,
                    "menu-item-object-id": "175",
                    "menu-item-object": "custom",
                    "menu-item-type": "custom",
                    "menu-item-status": "publish",
                    "menu-item-position": 0,
                    "menu-item-parent-id": "0",
                    "menu-item-description": "",
                    "menu-item-url": "http://www.facebook.com"
                },
                {
                    "menu-item-title": "LinkedIn",
                    "menu-item-db-id": 176,
                    "menu-item-object-id": "176",
                    "menu-item-object": "custom",
                    "menu-item-type": "custom",
                    "menu-item-status": "publish",
                    "menu-item-position": 1,
                    "menu-item-parent-id": "0",
                    "menu-item-description": "",
                    "menu-item-url": "http://www.linkedin.com"
                },
                {
                    "menu-item-title": "Twitter",
                    "menu-item-db-id": 177,
                    "menu-item-object-id": "177",
                    "menu-item-object": "custom",
                    "menu-item-type": "custom",
                    "menu-item-status": "publish",
                    "menu-item-position": 2,
                    "menu-item-parent-id": "0",
                    "menu-item-description": "",
                    "menu-item-url": "http://www.twitter.com"
                },
                {
                    "menu-item-title": "Instagram",
                    "menu-item-db-id": 178,
                    "menu-item-object-id": "178",
                    "menu-item-object": "custom",
                    "menu-item-type": "custom",
                    "menu-item-status": "publish",
                    "menu-item-position": 3,
                    "menu-item-parent-id": "0",
                    "menu-item-description": "",
                    "menu-item-url": "http://www.instagram.com"
                }
            ]
        }
    }
}