{
    "settings": {
        "options": {
            "show_on_front": "posts",
            "posts_per_page": "9",
            "stylesheet": "pub\/textbook",
            "featured-content": {
                "tag-id": 35890,
                "tag-name": "featured",
                "hide-tag": 1,
                "show-all": 0
            }
        },
        "theme_mods": {
            "0": false,
            "header_textcolor": "000000",
            "header_image": "https:\/\/textbookdemo.files.wordpress.com\/2016\/07\/cropped-cropped-building-54347_1920.jpg",
            "header_image_data": {
                "attachment_id": 112,
                "url": "https:\/\/textbookdemo.files.wordpress.com\/2016\/07\/cropped-cropped-building-54347_1920.jpg",
                "thumbnail_url": "https:\/\/textbookdemo.files.wordpress.com\/2016\/07\/cropped-cropped-building-54347_1920.jpg",
                "height": 960,
                "width": 1980
            },
            "nav_menu_locations": {
                "header": "primary"
            },
            "custom_logo": "https:\/\/headstartdata.files.wordpress.com\/2017\/02\/textbook-logo.png",
            "jetpack_testimonials": {
                "page-title": "Our Graduates"
            }
        },
        "headstart": {
            "mapped_id_options": [],
            "mapped_id_theme_mods": [],
            "keep_submenu_items": true
        }
    },
    "widgets": [
        {
            "id": "search-2",
            "id_base": "search",
            "settings": {
                "title": "Search"
            },
            "sidebar": "sidebar-1",
            "position": 0
        }
    ],
    "content": [
        {
            "post_title": "Contact",
            "post_content": "[contact-form][contact-field label=\"Name\" type=\"name\" required=\"1\"\/][contact-field label=\"Email\" type=\"email\" required=\"1\"\/][contact-field label=\"Comment\" type=\"textarea\" required=\"1\"\/][\/contact-form]",
            "post_status": "publish",
            "menu_order": 3,
            "comment_status": "closed",
            "ping_status": "closed",
            "post_type": "page",
            "hs_custom_meta": "_hs_contact_page",
            "hs_sharing": 0,
            "hs_like_status": 0,
            "attachment_url": "https:\/\/headstartdata.files.wordpress.com\/2016\/06\/person-smartphone-office-table.jpeg",
            "hs_old_id": 101
        },
        {
            "post_title": "The Journey Begins",
            "post_content": "Thanks for joining me! <blockquote>Good company in a journey makes the way seem shorter. — Izaak Walton<\/blockquote><img class=\"wp-image-7 size-full\" src=\"https://headstartdata.files.wordpress.com/2018/02/post.png\" alt=\"post\" width=\"1000\" height=\"563\" \/>",
            "post_status": "publish",
            "comment_status": "open",
            "ping_status": "open",
            "post_type": "post",
            "hs_custom_meta": "_hs_first_post",
            "hs_sharing": 0,
            "hs_like_status": 0,
            "attachment_url": "https:\/\/headstartdata.files.wordpress.com\/2016\/06\/pexels-photo-30732.jpg",
            "hs_old_id": 102
        }
    ]
}
