{
    "settings": {
        "options": {
            "show_on_front": "posts",
            "posts_per_page": "9",
            "stylesheet": "pub/textbook",
            "featured-content": {
                "tag-id": 35890,
                "tag-name": "featured",
                "hide-tag": 1,
                "show-all": 0
            }
        },
        "theme_mods": {
            "0": false,
            "header_textcolor": "000000",
            "header_image": "https://textbookdemo.files.wordpress.com/2016/07/cropped-cropped-building-54347_1920.jpg",
            "header_image_data": {
                "attachment_id": 112,
                "url": "https://textbookdemo.files.wordpress.com/2016/07/cropped-cropped-building-54347_1920.jpg",
                "thumbnail_url": "https://textbookdemo.files.wordpress.com/2016/07/cropped-cropped-building-54347_1920.jpg",
                "height": 960,
                "width": 1980
            },
            "nav_menu_locations": {
                "header": "primary",
                "jetpack-social-menu": "social-media"
            },
            "custom_logo": "https:\/\/headstartdata.files.wordpress.com\/2017\/02\/textbook-logo.png",
            "jetpack_testimonials": {
                "page-title": "Nuestros graduados"
            }
        },
        "headstart": {
            "mapped_id_options": [],
            "mapped_id_theme_mods": [],
            "keep_submenu_items": true
        }
    },
    "widgets": [
        {
            "id": "search-2",
            "id_base": "search",
            "settings": {
                "title": "Buscar"
            },
            "sidebar": "sidebar-1",
            "position": 0
        },
        {
            "id": "text-2",
            "id_base": "text",
            "settings": {
                "title": "Widget de texto",
                "text": "Este es un widget de texto, que te permite añadir texto o código HTML a tu barra lateral. Utiliza estos widgets para mostrar texto, enlaces, imágenes o código HTML, o bien una combinación de todos estos elementos. Edítalos en la sección Widget del <a href=\"https://wordpress.com/customize/\">Personalizador</a>."
            },
            "sidebar": "sidebar-1",
            "position": 1
        }
    ],
    "content": [
        {
            "post_title": "Acerca de",
            "post_content": "Este es un ejemplo de una página Acerca de. A diferencia de las entradas, las páginas se ajustan mejor a un contenido atemporal que te interesa que sea más accesible, como la información en las páginas Acerca de o Contacto. Haz clic en el enlace Editar para hacer cambios en esta página o bien <a href=\"https://wordpress.com/page\">añade otra página</a>.",
            "post_excerpt": "Este es solo un breve extracto de la página&nbsp;Acerca de.",
            "post_status": "publish",
            "menu_order": 2,
            "menu_item_description": "This is just a menu item description.",
            "comment_status": "closed",
            "ping_status": "closed",
            "post_type": "page",
            "hs_custom_meta": "_hs_about_page",
            "hs_sharing": 1,
            "hs_like_status": 1,
            "attachment_url": "https://headstartdata.files.wordpress.com/2016/06/stairs-lights-abstract-bubbles1.jpg",
            "hs_old_id": 100
        },
        {
            "post_title": "Contacto",
            "post_content": "Esta es una página Contacto con información básica y un formulario de contacto. [contact-form][contact-field label=\"Nombre\" type=\"name\" required=\"1\"/][contact-field label=\"Correo electrónico\" type=\"email\" required=\"1\"/][contact-field label=\"Sitio web\" type=\"url\"/][contact-field label=\"Comentario\" type=\"textarea\" required=\"1\"/][/contact-form]",
            "post_excerpt": "Se trata solo de un breve extracto de la página&nbsp;Contacto.",
            "post_status": "publish",
            "menu_order": 3,
            "menu_item_description": "This is just a menu item description.",
            "comment_status": "closed",
            "ping_status": "closed",
            "post_type": "page",
            "hs_custom_meta": "_hs_contact_page",
            "hs_sharing": 1,
            "hs_like_status": 1,
            "attachment_url": "https://headstartdata.files.wordpress.com/2016/06/person-smartphone-office-table.jpeg",
            "hs_old_id": 101
        },
        {
            "post_title": "Primera entrada del blog",
            "post_content": "Esta es tu primera entrada. Haz clic en el enlace Editar para modificarla o eliminarla, o bien <a href=\"https://wordpress.com/post\">crea una entrada nueva</a>. Si quieres, utilízala para explicar a los lectores por qué has empezado este blog y qué tienes previsto hacer con él.",
            "post_excerpt": "Este es el extracto de tu primera entrada.",
            "post_status": "publish",
            "comment_status": "open",
            "ping_status": "open",
            "post_type": "post",
            "hs_custom_meta": "_hs_first_post",
            "hs_sharing": 1,
            "hs_like_status": 1,
            "attachment_url": "https://headstartdata.files.wordpress.com/2016/06/pexels-photo-30732.jpg",
            "hs_old_id": 102
        },
        {
            "post_title": "Segunda entrada del blog",
            "post_content": "Esta es tu segunda entrada. Haz clic en el enlace Editar para modificarla o eliminarla, o bien <a href=\"https://wordpress.com/post\">crea una entrada nueva</a>. Si quieres, utilízala para explicar a los lectores por qué has empezado este blog y qué tienes previsto hacer con él.",
            "post_excerpt": "Este es el extracto de tu segunda entrada.",
            "post_status": "publish",
            "comment_status": "open",
            "ping_status": "open",
            "post_type": "post",
            "hs_custom_meta": "_hs_second_post",
            "hs_sharing": 1,
            "hs_like_status": 1,
            "attachment_url": "https://headstartdata.files.wordpress.com/2016/11/wave-384385_1280.jpg",
            "hs_old_id": 107
        },
        {
            "post_title": "Contenido destacado",
            "post_content": "Esta es una entrada de contenido destacado. Haz clic en el enlace Editar para modificarla o eliminarla, o bien <a href=\"https://wordpress.com/post\">crea una entrada nueva</a>.",
            "post_excerpt": "Este es el extracto de una entrada destacada.",
            "post_status": "publish",
            "comment_status": "open",
            "ping_status": "open",
            "post_type": "post",
            "hs_custom_meta": "_hs_featured_content",
            "hs_sharing": 1,
            "hs_like_status": 1,
            "tags_input": [
                "featured"
            ],
            "attachment_url": "https://headstartdata.files.wordpress.com/2016/08/hwijjf7rwopgej1nb4zb_img_3773.jpg",
            "hs_old_id": 105
        },
        {
            "post_title": "Contenido destacado",
            "post_content": "Esta es una entrada de contenido destacado. Haz clic en el enlace Editar para modificarla o eliminarla, o bien <a href=\"https://wordpress.com/post\">crea una entrada nueva</a>.",
            "post_excerpt": "Este es el extracto de una entrada destacada.",
            "post_status": "publish",
            "comment_status": "open",
            "ping_status": "open",
            "post_type": "post",
            "hs_custom_meta": "_hs_featured_content",
            "hs_sharing": 1,
            "hs_like_status": 1,
            "tags_input": [
                "featured"
            ],
            "attachment_url": "https://headstartdata.files.wordpress.com/2016/06/drink-coffee2.jpg",
            "hs_old_id": 106
        },
        {
            "post_title": "Contenido destacado",
            "post_content": "Esta es una entrada de contenido destacado. Haz clic en el enlace Editar para modificarla o eliminarla, o bien <a href=\"https://wordpress.com/post\">crea una entrada nueva</a>.",
            "post_excerpt": "Este es el extracto de una entrada destacada.",
            "post_status": "publish",
            "comment_status": "open",
            "ping_status": "open",
            "post_type": "post",
            "hs_custom_meta": "_hs_featured_content",
            "hs_sharing": 1,
            "hs_like_status": 1,
            "tags_input": [
                "featured"
            ],
            "hs_old_id": 108
        },
        {
            "post_title": "Un gran admirador tuyo",
            "post_content": "Esto es un <a href=\"https://en.support.wordpress.com/testimonials/\">testimonio</a>. Haz clic en el enlace Editar para modificarlo o eliminarlo o bien <a href=\"https://wordpress.com/types/jetpack-testimonial\">añade un testimonio nuevo</a>.",
            "post_excerpt": "",
            "post_status": "publish",
            "comment_status": "closed",
            "ping_status": "closed",
            "post_type": "jetpack-testimonial",
            "hs_custom_meta": "_hs_testimonial",
            "hs_sharing": 1,
            "hs_like_status": 1,
            "attachment_url": false,
            "hs_old_id": 300
        },
        {
            "post_title": "Un gran admirador tuyo",
            "post_content": "Este es un segundo <a href=\"https://en.support.wordpress.com/testimonials/\">testimonio</a>. Haz clic en el enlace Editar para modificarlo o eliminarlo o bien <a href=\"https://wordpress.com/types/jetpack-testimonial\">añade un testimonio nuevo</a>.",
            "post_excerpt": "",
            "post_status": "publish",
            "comment_status": "closed",
            "ping_status": "closed",
            "post_type": "jetpack-testimonial",
            "hs_custom_meta": "_hs_testimonial",
            "hs_sharing": 1,
            "hs_like_status": 1,
            "attachment_url": false,
            "hs_old_id": 301
        }
    ],
    "menus": {
        "social-media": {
            "name": "Redes sociales",
            "items": [
                {
                    "menu-item-title": "Facebook",
                    "menu-item-db-id": 175,
                    "menu-item-object-id": "175",
                    "menu-item-object": "custom",
                    "menu-item-type": "custom",
                    "menu-item-status": "publish",
                    "menu-item-position": 0,
                    "menu-item-parent-id": "0",
                    "menu-item-description": "",
                    "menu-item-url": "http://www.facebook.com"
                },
                {
                    "menu-item-title": "LinkedIn",
                    "menu-item-db-id": 176,
                    "menu-item-object-id": "176",
                    "menu-item-object": "custom",
                    "menu-item-type": "custom",
                    "menu-item-status": "publish",
                    "menu-item-position": 1,
                    "menu-item-parent-id": "0",
                    "menu-item-description": "",
                    "menu-item-url": "http://www.linkedin.com"
                },
                {
                    "menu-item-title": "Twitter",
                    "menu-item-db-id": 177,
                    "menu-item-object-id": "177",
                    "menu-item-object": "custom",
                    "menu-item-type": "custom",
                    "menu-item-status": "publish",
                    "menu-item-position": 2,
                    "menu-item-parent-id": "0",
                    "menu-item-description": "",
                    "menu-item-url": "http://www.twitter.com"
                },
                {
                    "menu-item-title": "Instagram",
                    "menu-item-db-id": 178,
                    "menu-item-object-id": "178",
                    "menu-item-object": "custom",
                    "menu-item-type": "custom",
                    "menu-item-status": "publish",
                    "menu-item-position": 3,
                    "menu-item-parent-id": "0",
                    "menu-item-description": "",
                    "menu-item-url": "http://www.instagram.com"
                }
            ]
        }
    }
}