{
    "settings": {
        "options": {
            "show_on_front": "posts",
            "posts_per_page": "9",
            "stylesheet": "pub/textbook",
            "featured-content": {
                "tag-id": 35890,
                "tag-name": "featured",
                "hide-tag": 1,
                "show-all": 0
            }
        },
        "theme_mods": {
            "0": false,
            "header_textcolor": "000000",
            "header_image": "https://textbookdemo.files.wordpress.com/2016/07/cropped-cropped-building-54347_1920.jpg",
            "header_image_data": {
                "attachment_id": 112,
                "url": "https://textbookdemo.files.wordpress.com/2016/07/cropped-cropped-building-54347_1920.jpg",
                "thumbnail_url": "https://textbookdemo.files.wordpress.com/2016/07/cropped-cropped-building-54347_1920.jpg",
                "height": 960,
                "width": 1980
            },
            "nav_menu_locations": {
                "header": "primary",
                "jetpack-social-menu": "social-media"
            },
            "custom_logo": "https:\/\/headstartdata.files.wordpress.com\/2017\/02\/textbook-logo.png",
            "jetpack_testimonials": {
                "page-title": "Nos diplômés"
            }
        },
        "headstart": {
            "mapped_id_options": [],
            "mapped_id_theme_mods": [],
            "keep_submenu_items": true
        }
    },
    "widgets": [
        {
            "id": "search-2",
            "id_base": "search",
            "settings": {
                "title": "Recherche"
            },
            "sidebar": "sidebar-1",
            "position": 0
        },
        {
            "id": "text-2",
            "id_base": "text",
            "settings": {
                "title": "Widget de texte",
                "text": "Il s’agit d’un widget de texte, qui vous permet d’ajouter du texte ou des balises HTML à votre colonne latérale. Vous pouvez l’utiliser pour afficher du texte, des liens, des images, des balises HTML ou une association de ces éléments. Modifiez-les dans la section Widget de l’<a href=\"https://wordpress.com/customize/\">outil de personnalisation</a>."
            },
            "sidebar": "sidebar-1",
            "position": 1
        }
    ],
    "content": [
        {
            "post_title": "À propos",
            "post_content": "Ceci est un exemple de page « À propos ». À la différence des articles, les pages sont plutôt destinées à du contenu dont vous souhaitez qu’il soit toujours facilement accessible, comme votre présentation ou vos coordonnées. Cliquez sur le lien de modification pour modifier cette page ou <a href=\"https://wordpress.com/page\">ajouter une autre page</a>.",
            "post_excerpt": "Ceci est un petit extrait destiné à la &nbsp;page « À propos ».",
            "post_status": "publish",
            "menu_order": 2,
            "menu_item_description": "This is just a menu item description.",
            "comment_status": "closed",
            "ping_status": "closed",
            "post_type": "page",
            "hs_custom_meta": "_hs_about_page",
            "hs_sharing": 1,
            "hs_like_status": 1,
            "attachment_url": "https://headstartdata.files.wordpress.com/2016/06/stairs-lights-abstract-bubbles1.jpg",
            "hs_old_id": 100
        },
        {
            "post_title": "Contact",
            "post_content": "Ceci est une page de coordonnées comportant quelques informations de base et un formulaire de contact. [contact-form][contact-field label=\"Nom\" type=\"name\" required=\"1\"/][contact-field label=\"E-mail\" type=\"email\" required=\"1\"/][contact-field label=\"Site Web\" type=\"url\"/][contact-field label=\"Commentaire\" type=\"textarea\" required=\"1\"/][/contact-form]",
            "post_excerpt": "Ceci est un petit extrait destiné à la page «&nbsp;Contact ».",
            "post_status": "publish",
            "menu_order": 3,
            "menu_item_description": "This is just a menu item description.",
            "comment_status": "closed",
            "ping_status": "closed",
            "post_type": "page",
            "hs_custom_meta": "_hs_contact_page",
            "hs_sharing": 1,
            "hs_like_status": 1,
            "attachment_url": "https://headstartdata.files.wordpress.com/2016/06/person-smartphone-office-table.jpeg",
            "hs_old_id": 101
        },
        {
            "post_title": "Premier article de blog",
            "post_content": "Il s’agit de votre tout premier article Cliquez sur le lien Modifier pour le modifier ou le supprimer ou <a href=\"https://wordpress.com/post\">commencez un nouvel article</a>. Si vous le souhaitez, utilisez cet article pour indiquer aux lecteurs pourquoi vous avez commencé ce blog et ce que vous envisagez d’en faire.",
            "post_excerpt": "Il s’agit de l’extrait de votre tout premier article.",
            "post_status": "publish",
            "comment_status": "open",
            "ping_status": "open",
            "post_type": "post",
            "hs_custom_meta": "_hs_first_post",
            "hs_sharing": 1,
            "hs_like_status": 1,
            "attachment_url": "https://headstartdata.files.wordpress.com/2016/06/pexels-photo-30732.jpg",
            "hs_old_id": 102
        },
        {
            "post_title": "Deuxième article de blog",
            "post_content": "Il s’agit de votre deuxième article. Cliquez sur le lien Modifier pour le modifier ou le supprimer ou <a href=\"https://wordpress.com/post\">commencez un nouvel article</a>. Si vous le souhaitez, utilisez cet article pour indiquer aux lecteurs pourquoi vous avez commencé ce blog et ce que vous envisagez d’en faire.",
            "post_excerpt": "Il s’agit de l’extrait de votre second article.",
            "post_status": "publish",
            "comment_status": "open",
            "ping_status": "open",
            "post_type": "post",
            "hs_custom_meta": "_hs_second_post",
            "hs_sharing": 1,
            "hs_like_status": 1,
            "attachment_url": "https://headstartdata.files.wordpress.com/2016/11/wave-384385_1280.jpg",
            "hs_old_id": 107
        },
        {
            "post_title": "Contenu mis en avant",
            "post_content": "Il s’agit d’un article présentant le contenu mis en avant. Cliquez sur le lien Modifier pour le modifier ou le supprimer ou <a href=\"https://wordpress.com/post\">commencez un nouvel article</a>.",
            "post_excerpt": "Il s’agit de l’extrait d’un article mis en avant.",
            "post_status": "publish",
            "comment_status": "open",
            "ping_status": "open",
            "post_type": "post",
            "hs_custom_meta": "_hs_featured_content",
            "hs_sharing": 1,
            "hs_like_status": 1,
            "tags_input": [
                "featured"
            ],
            "attachment_url": "https://headstartdata.files.wordpress.com/2016/08/hwijjf7rwopgej1nb4zb_img_3773.jpg",
            "hs_old_id": 105
        },
        {
            "post_title": "Contenu mis en avant",
            "post_content": "Il s’agit d’un article présentant le contenu mis en avant. Cliquez sur le lien Modifier pour le modifier ou le supprimer ou <a href=\"https://wordpress.com/post\">commencez un nouvel article</a>.",
            "post_excerpt": "Il s’agit de l’extrait d’un article mis en avant.",
            "post_status": "publish",
            "comment_status": "open",
            "ping_status": "open",
            "post_type": "post",
            "hs_custom_meta": "_hs_featured_content",
            "hs_sharing": 1,
            "hs_like_status": 1,
            "tags_input": [
                "featured"
            ],
            "attachment_url": "https://headstartdata.files.wordpress.com/2016/06/drink-coffee2.jpg",
            "hs_old_id": 106
        },
        {
            "post_title": "Contenu mis en avant",
            "post_content": "Il s’agit d’un article présentant le contenu mis en avant. Cliquez sur le lien Modifier pour le modifier ou le supprimer ou <a href=\"https://wordpress.com/post\">commencez un nouvel article</a>.",
            "post_excerpt": "Il s’agit de l’extrait d’un article mis en avant.",
            "post_status": "publish",
            "comment_status": "open",
            "ping_status": "open",
            "post_type": "post",
            "hs_custom_meta": "_hs_featured_content",
            "hs_sharing": 1,
            "hs_like_status": 1,
            "tags_input": [
                "featured"
            ],
            "hs_old_id": 108
        },
        {
            "post_title": "Un de vos admirateurs inconditionnels",
            "post_content": "Il s’agit d’un <a href=\"https://en.support.wordpress.com/testimonials/\">témoignage</a>. Cliquez sur le lien Modifier pour le modifier ou le supprimer ou <a href=\"https://wordpress.com/types/jetpack-testimonial\">ajoutez un nouveau témoignage</a>.",
            "post_excerpt": "",
            "post_status": "publish",
            "comment_status": "closed",
            "ping_status": "closed",
            "post_type": "jetpack-testimonial",
            "hs_custom_meta": "_hs_testimonial",
            "hs_sharing": 1,
            "hs_like_status": 1,
            "attachment_url": false,
            "hs_old_id": 300
        },
        {
            "post_title": "Un de vos admirateurs inconditionnels",
            "post_content": "Il s’agit d’un second <a href=\"https://en.support.wordpress.com/testimonials/\">témoignage</a>. Cliquez sur le lien Modifier pour le modifier ou le supprimer ou <a href=\"https://wordpress.com/types/jetpack-testimonial\">ajoutez un nouveau témoignage</a>.",
            "post_excerpt": "",
            "post_status": "publish",
            "comment_status": "closed",
            "ping_status": "closed",
            "post_type": "jetpack-testimonial",
            "hs_custom_meta": "_hs_testimonial",
            "hs_sharing": 1,
            "hs_like_status": 1,
            "attachment_url": false,
            "hs_old_id": 301
        }
    ],
    "menus": {
        "social-media": {
            "name": "Réseaux sociaux",
            "items": [
                {
                    "menu-item-title": "Facebook",
                    "menu-item-db-id": 175,
                    "menu-item-object-id": "175",
                    "menu-item-object": "custom",
                    "menu-item-type": "custom",
                    "menu-item-status": "publish",
                    "menu-item-position": 0,
                    "menu-item-parent-id": "0",
                    "menu-item-description": "",
                    "menu-item-url": "http://www.facebook.com"
                },
                {
                    "menu-item-title": "LinkedIn",
                    "menu-item-db-id": 176,
                    "menu-item-object-id": "176",
                    "menu-item-object": "custom",
                    "menu-item-type": "custom",
                    "menu-item-status": "publish",
                    "menu-item-position": 1,
                    "menu-item-parent-id": "0",
                    "menu-item-description": "",
                    "menu-item-url": "http://www.linkedin.com"
                },
                {
                    "menu-item-title": "Twitter",
                    "menu-item-db-id": 177,
                    "menu-item-object-id": "177",
                    "menu-item-object": "custom",
                    "menu-item-type": "custom",
                    "menu-item-status": "publish",
                    "menu-item-position": 2,
                    "menu-item-parent-id": "0",
                    "menu-item-description": "",
                    "menu-item-url": "http://www.twitter.com"
                },
                {
                    "menu-item-title": "Instagram",
                    "menu-item-db-id": 178,
                    "menu-item-object-id": "178",
                    "menu-item-object": "custom",
                    "menu-item-type": "custom",
                    "menu-item-status": "publish",
                    "menu-item-position": 3,
                    "menu-item-parent-id": "0",
                    "menu-item-description": "",
                    "menu-item-url": "http://www.instagram.com"
                }
            ]
        }
    }
}