{
    "settings": {
        "options": {
            "show_on_front": "posts",
            "posts_per_page": "9",
            "stylesheet": "pub/textbook",
            "featured-content": {
                "tag-id": 35890,
                "tag-name": "featured",
                "hide-tag": 1,
                "show-all": 0
            }
        },
        "theme_mods": {
            "0": false,
            "header_textcolor": "000000",
            "header_image": "https://textbookdemo.files.wordpress.com/2016/07/cropped-cropped-building-54347_1920.jpg",
            "header_image_data": {
                "attachment_id": 112,
                "url": "https://textbookdemo.files.wordpress.com/2016/07/cropped-cropped-building-54347_1920.jpg",
                "thumbnail_url": "https://textbookdemo.files.wordpress.com/2016/07/cropped-cropped-building-54347_1920.jpg",
                "height": 960,
                "width": 1980
            },
            "nav_menu_locations": {
                "header": "primary",
                "jetpack-social-menu": "social-media"
            },
            "custom_logo": "https:\/\/headstartdata.files.wordpress.com\/2017\/02\/textbook-logo.png",
            "jetpack_testimonials": {
                "page-title": "הבוגרים שלנו"
            }
        },
        "headstart": {
            "mapped_id_options": [],
            "mapped_id_theme_mods": [],
            "keep_submenu_items": true
        }
    },
    "widgets": [
        {
            "id": "search-2",
            "id_base": "search",
            "settings": {
                "title": "חיפוש"
            },
            "sidebar": "sidebar-1",
            "position": 0
        },
        {
            "id": "text-2",
            "id_base": "text",
            "settings": {
                "title": "וידג'ט טקסט",
                "text": "זהו וידג'ט לטקסט שמאפשר לך להוסיף טקסט או HTML לסרגל הצדי שלך. אפשר להשתמש בהם להצגת טקסט, קישורים, תמונות, HTML או שילוב של התכנים הללו. ניתן לערוך אותם במקטע 'וידג'טים' ב<a href=\"https://wordpress.com/customize/\">כלי ההתאמה האישית</a>."
            },
            "sidebar": "sidebar-1",
            "position": 1
        }
    ],
    "content": [
        {
            "post_title": "אודות",
            "post_content": "זהו עמוד 'אודות' לדוגמה. להבדיל מפוסטים, עמודים מתאימים יותר ליצירת גישה קלה לתוכן שאינו תלוי בזמן, למשל 'אודות' או 'פרטים ליצירת קשר'. יש ללחוץ על הקישור 'עריכה' כדי לבצע שינויים בעמוד זה או <a href=\"https://wordpress.com/page\">להוסיף עוד עמוד</a>.",
            "post_excerpt": "זהו תקציר עבור &nbsp;עמוד 'אודות'.",
            "post_status": "publish",
            "menu_order": 2,
            "menu_item_description": "This is just a menu item description.",
            "comment_status": "closed",
            "ping_status": "closed",
            "post_type": "page",
            "hs_custom_meta": "_hs_about_page",
            "hs_sharing": 1,
            "hs_like_status": 1,
            "attachment_url": "https://headstartdata.files.wordpress.com/2016/06/stairs-lights-abstract-bubbles1.jpg",
            "hs_old_id": 100
        },
        {
            "post_title": "יצירת קשר",
            "post_content": "זהו עמוד 'יצירת קשר' שכולל פרטי קשר בסיסיים וכן טופס יצירת קשר. [contact-form][contact-field label=\"שם\" type=\"name\" required=\"1\"/][contact-field label=\"אימייל\" type=\"email\" required=\"1\"/][contact-field label=\"אתר אינטרנט\" type=\"url\"/][contact-field label=\"תגובה\" type=\"textarea\" required=\"1\"/][/contact-form]",
            "post_excerpt": "זהו תקציר עבור עמוד&nbsp;'יצירת קשר'.",
            "post_status": "publish",
            "menu_order": 3,
            "menu_item_description": "This is just a menu item description.",
            "comment_status": "closed",
            "ping_status": "closed",
            "post_type": "page",
            "hs_custom_meta": "_hs_contact_page",
            "hs_sharing": 1,
            "hs_like_status": 1,
            "attachment_url": "https://headstartdata.files.wordpress.com/2016/06/person-smartphone-office-table.jpeg",
            "hs_old_id": 101
        },
        {
            "post_title": "פוסט ראשון",
            "post_content": "הפוסט הזה הוא הראשון שלך. יש ללחוץ על הקישור 'עריכה' כדי לשנות או למחוק אותו או <a href=\"https://wordpress.com/post\">להתחיל פוסט חדש</a>. אפשר לנצל את הפוסט הזה כדי להסביר לקוראים מדוע פתחת את הבלוג ומה בכוונתך לעשות אתו.",
            "post_excerpt": "זהו התקציר של הפוסט הראשון שלך.",
            "post_status": "publish",
            "comment_status": "open",
            "ping_status": "open",
            "post_type": "post",
            "hs_custom_meta": "_hs_first_post",
            "hs_sharing": 1,
            "hs_like_status": 1,
            "attachment_url": "https://headstartdata.files.wordpress.com/2016/06/pexels-photo-30732.jpg",
            "hs_old_id": 102
        },
        {
            "post_title": "פוסט שני בבלוג",
            "post_content": "זהו הפוסט השני שלך. יש ללחוץ על הקישור 'עריכה' כדי לשנות או למחוק אותו או <a href=\"https://wordpress.com/post\">להתחיל פוסט חדש</a>. אפשר לנצל את הפוסט הזה כדי להסביר לקוראים מדוע פתחת את הבלוג ומה בכוונתך לעשות אתו.",
            "post_excerpt": "זהו התקציר של הפוסט השני שלך.",
            "post_status": "publish",
            "comment_status": "open",
            "ping_status": "open",
            "post_type": "post",
            "hs_custom_meta": "_hs_second_post",
            "hs_sharing": 1,
            "hs_like_status": 1,
            "attachment_url": "https://headstartdata.files.wordpress.com/2016/11/wave-384385_1280.jpg",
            "hs_old_id": 107
        },
        {
            "post_title": "תוכן ראשי",
            "post_content": "זהו פוסט תוכן ראשי. יש ללחוץ על הקישור 'עריכה' כדי לשנות או למחוק אותו או <a href=\"https://wordpress.com/post\">להתחיל פוסט חדש</a>.",
            "post_excerpt": "זהו התקציר של פוסט מומלץ.",
            "post_status": "publish",
            "comment_status": "open",
            "ping_status": "open",
            "post_type": "post",
            "hs_custom_meta": "_hs_featured_content",
            "hs_sharing": 1,
            "hs_like_status": 1,
            "tags_input": [
                "featured"
            ],
            "attachment_url": "https://headstartdata.files.wordpress.com/2016/08/hwijjf7rwopgej1nb4zb_img_3773.jpg",
            "hs_old_id": 105
        },
        {
            "post_title": "תוכן ראשי",
            "post_content": "זהו פוסט תוכן ראשי. יש ללחוץ על הקישור 'עריכה' כדי לשנות או למחוק אותו או <a href=\"https://wordpress.com/post\">להתחיל פוסט חדש</a>.",
            "post_excerpt": "זהו התקציר של פוסט מומלץ.",
            "post_status": "publish",
            "comment_status": "open",
            "ping_status": "open",
            "post_type": "post",
            "hs_custom_meta": "_hs_featured_content",
            "hs_sharing": 1,
            "hs_like_status": 1,
            "tags_input": [
                "featured"
            ],
            "attachment_url": "https://headstartdata.files.wordpress.com/2016/06/drink-coffee2.jpg",
            "hs_old_id": 106
        },
        {
            "post_title": "תוכן ראשי",
            "post_content": "זהו פוסט תוכן ראשי. יש ללחוץ על הקישור 'עריכה' כדי לשנות או למחוק אותו או <a href=\"https://wordpress.com/post\">להתחיל פוסט חדש</a>.",
            "post_excerpt": "זהו התקציר של פוסט מומלץ.",
            "post_status": "publish",
            "comment_status": "open",
            "ping_status": "open",
            "post_type": "post",
            "hs_custom_meta": "_hs_featured_content",
            "hs_sharing": 1,
            "hs_like_status": 1,
            "tags_input": [
                "featured"
            ],
            "hs_old_id": 108
        },
        {
            "post_title": "מעריץ גדול שלך",
            "post_content": "זוהי <a href=\"https://en.support.wordpress.com/testimonials/\">המלצה</a>. יש ללחוץ על הקישור 'עריכה' כדי לשנות או למחוק אותה או <a href=\"https://wordpress.com/types/jetpack-testimonial\">להוסיף המלצה</a>.",
            "post_excerpt": "",
            "post_status": "publish",
            "comment_status": "closed",
            "ping_status": "closed",
            "post_type": "jetpack-testimonial",
            "hs_custom_meta": "_hs_testimonial",
            "hs_sharing": 1,
            "hs_like_status": 1,
            "attachment_url": false,
            "hs_old_id": 300
        },
        {
            "post_title": "מעריץ גדול שלך",
            "post_content": "זוהי <a href=\"https://en.support.wordpress.com/testimonials/\">המלצה</a> שנייה. יש ללחוץ על הקישור 'עריכה' כדי לשנות או למחוק אותה או <a href=\"https://wordpress.com/types/jetpack-testimonial\">להוסיף המלצה</a>.",
            "post_excerpt": "",
            "post_status": "publish",
            "comment_status": "closed",
            "ping_status": "closed",
            "post_type": "jetpack-testimonial",
            "hs_custom_meta": "_hs_testimonial",
            "hs_sharing": 1,
            "hs_like_status": 1,
            "attachment_url": false,
            "hs_old_id": 301
        }
    ],
    "menus": {
        "social-media": {
            "name": "רשתות חברתיות",
            "items": [
                {
                    "menu-item-title": "פייסבוק",
                    "menu-item-db-id": 175,
                    "menu-item-object-id": "175",
                    "menu-item-object": "custom",
                    "menu-item-type": "custom",
                    "menu-item-status": "publish",
                    "menu-item-position": 0,
                    "menu-item-parent-id": "0",
                    "menu-item-description": "",
                    "menu-item-url": "http://www.facebook.com"
                },
                {
                    "menu-item-title": "LinkedIn",
                    "menu-item-db-id": 176,
                    "menu-item-object-id": "176",
                    "menu-item-object": "custom",
                    "menu-item-type": "custom",
                    "menu-item-status": "publish",
                    "menu-item-position": 1,
                    "menu-item-parent-id": "0",
                    "menu-item-description": "",
                    "menu-item-url": "http://www.linkedin.com"
                },
                {
                    "menu-item-title": "טוויטר",
                    "menu-item-db-id": 177,
                    "menu-item-object-id": "177",
                    "menu-item-object": "custom",
                    "menu-item-type": "custom",
                    "menu-item-status": "publish",
                    "menu-item-position": 2,
                    "menu-item-parent-id": "0",
                    "menu-item-description": "",
                    "menu-item-url": "http://www.twitter.com"
                },
                {
                    "menu-item-title": "Instagram",
                    "menu-item-db-id": 178,
                    "menu-item-object-id": "178",
                    "menu-item-object": "custom",
                    "menu-item-type": "custom",
                    "menu-item-status": "publish",
                    "menu-item-position": 3,
                    "menu-item-parent-id": "0",
                    "menu-item-description": "",
                    "menu-item-url": "http://www.instagram.com"
                }
            ]
        }
    }
}