{
    "settings": {
        "options": {
            "show_on_front": "posts",
            "posts_per_page": "9",
            "stylesheet": "pub/textbook",
            "featured-content": {
                "tag-id": 35890,
                "tag-name": "featured",
                "hide-tag": 1,
                "show-all": 0
            }
        },
        "theme_mods": {
            "0": false,
            "header_textcolor": "000000",
            "header_image": "https://textbookdemo.files.wordpress.com/2016/07/cropped-cropped-building-54347_1920.jpg",
            "header_image_data": {
                "attachment_id": 112,
                "url": "https://textbookdemo.files.wordpress.com/2016/07/cropped-cropped-building-54347_1920.jpg",
                "thumbnail_url": "https://textbookdemo.files.wordpress.com/2016/07/cropped-cropped-building-54347_1920.jpg",
                "height": 960,
                "width": 1980
            },
            "nav_menu_locations": {
                "header": "primary",
                "jetpack-social-menu": "social-media"
            },
            "custom_logo": "https:\/\/headstartdata.files.wordpress.com\/2017\/02\/textbook-logo.png",
            "jetpack_testimonials": {
                "page-title": "Lulusan Kami"
            }
        },
        "headstart": {
            "mapped_id_options": [],
            "mapped_id_theme_mods": [],
            "keep_submenu_items": true
        }
    },
    "widgets": [
        {
            "id": "search-2",
            "id_base": "search",
            "settings": {
                "title": "Cari"
            },
            "sidebar": "sidebar-1",
            "position": 0
        },
        {
            "id": "text-2",
            "id_base": "text",
            "settings": {
                "title": "Widget Teks",
                "text": "Ini adalah widget teks, yang memungkinkan Anda menambahkan teks atau HTML ke bilah sisi. Anda dapat menggunakannya untuk menampilkan teks, tautan, gambar, HTML, atau perpaduan semua hal itu. Sunting semuanya di bagian Widget dari <a href=\"https://wordpress.com/customize/\">Customizer</a>."
            },
            "sidebar": "sidebar-1",
            "position": 1
        }
    ],
    "content": [
        {
            "post_title": "Tentang",
            "post_content": "Ini adalah contoh halaman tentang. Tidak seperti pos, halaman lebih cocok untuk konten tanpa batas waktu yang Anda inginkan untuk dapat diakses dengan mudah, seperti informasi Tentang atau Kontak. Klik tautan Sunting untuk melakukan perubahan pada halaman ini atau <a href=\"https://wordpress.com/page\">tambahkan halaman lain</a>.",
            "post_excerpt": "Ini hanya kutipan singkat untuk halaman&nbsp;tentang.",
            "post_status": "publish",
            "menu_order": 2,
            "menu_item_description": "This is just a menu item description.",
            "comment_status": "closed",
            "ping_status": "closed",
            "post_type": "page",
            "hs_custom_meta": "_hs_about_page",
            "hs_sharing": 1,
            "hs_like_status": 1,
            "attachment_url": "https://headstartdata.files.wordpress.com/2016/06/stairs-lights-abstract-bubbles1.jpg",
            "hs_old_id": 100
        },
        {
            "post_title": "Kontak",
            "post_content": "Ini adalah halaman kontak yang berisi informasi kontak dasar dan formulir kontak. [contact-form][contact-field label=\"Nama\" type=\"name\" required=\"1\"/][contact-field label=\"Email\" type=\"email\" required=\"1\"/][contact-field label=\"Situs web\" type=\"url\"/][contact-field label=\"Komentar\" type=\"textarea\" required=\"1\"/][/contact-form]",
            "post_excerpt": "Ini hanya kutipan singkat untuk halaman&nbsp;kontak.",
            "post_status": "publish",
            "menu_order": 3,
            "menu_item_description": "This is just a menu item description.",
            "comment_status": "closed",
            "ping_status": "closed",
            "post_type": "page",
            "hs_custom_meta": "_hs_contact_page",
            "hs_sharing": 1,
            "hs_like_status": 1,
            "attachment_url": "https://headstartdata.files.wordpress.com/2016/06/person-smartphone-office-table.jpeg",
            "hs_old_id": 101
        },
        {
            "post_title": "Pos blog pertama",
            "post_content": "Ini adalah pos pertama Anda. Klik tautan Sunting untuk mengubah atau menghapusnya, atau <a href=\"https://wordpress.com/post\">mulai pos baru</a>. Jika ingin, Anda dapat menggunakan pos ini untuk menjelaskan kepada pembaca mengenai alasan Anda memulai blog ini dan rencana Anda dengan blog ini.",
            "post_excerpt": "Ini adalah kutipan pos pertama Anda.",
            "post_status": "publish",
            "comment_status": "open",
            "ping_status": "open",
            "post_type": "post",
            "hs_custom_meta": "_hs_first_post",
            "hs_sharing": 1,
            "hs_like_status": 1,
            "attachment_url": "https://headstartdata.files.wordpress.com/2016/06/pexels-photo-30732.jpg",
            "hs_old_id": 102
        },
        {
            "post_title": "Pos blog kedua",
            "post_content": "Ini adalah pos kedua Anda. Klik tautan Sunting untuk mengubah atau menghapusnya, atau <a href=\"https://wordpress.com/post\">mulai pos baru</a>. Jika ingin, Anda dapat menggunakan pos ini untuk menjelaskan kepada pembaca mengenai alasan Anda memulai blog ini dan rencana Anda dengan blog ini.",
            "post_excerpt": "Ini adalah kutipan pos kedua Anda.",
            "post_status": "publish",
            "comment_status": "open",
            "ping_status": "open",
            "post_type": "post",
            "hs_custom_meta": "_hs_second_post",
            "hs_sharing": 1,
            "hs_like_status": 1,
            "attachment_url": "https://headstartdata.files.wordpress.com/2016/11/wave-384385_1280.jpg",
            "hs_old_id": 107
        },
        {
            "post_title": "Konten Utama",
            "post_content": "Ini adalah pos konten andalan. Klik tautan Sunting untuk mengubah atau menghapusnya, atau <a href=\"https://wordpress.com/post\">mulai pos baru</a>.",
            "post_excerpt": "Ini adalah kutipan pos andalan.",
            "post_status": "publish",
            "comment_status": "open",
            "ping_status": "open",
            "post_type": "post",
            "hs_custom_meta": "_hs_featured_content",
            "hs_sharing": 1,
            "hs_like_status": 1,
            "tags_input": [
                "featured"
            ],
            "attachment_url": "https://headstartdata.files.wordpress.com/2016/08/hwijjf7rwopgej1nb4zb_img_3773.jpg",
            "hs_old_id": 105
        },
        {
            "post_title": "Konten Utama",
            "post_content": "Ini adalah pos konten andalan. Klik tautan Sunting untuk mengubah atau menghapusnya, atau <a href=\"https://wordpress.com/post\">mulai pos baru</a>.",
            "post_excerpt": "Ini adalah kutipan pos andalan.",
            "post_status": "publish",
            "comment_status": "open",
            "ping_status": "open",
            "post_type": "post",
            "hs_custom_meta": "_hs_featured_content",
            "hs_sharing": 1,
            "hs_like_status": 1,
            "tags_input": [
                "featured"
            ],
            "attachment_url": "https://headstartdata.files.wordpress.com/2016/06/drink-coffee2.jpg",
            "hs_old_id": 106
        },
        {
            "post_title": "Konten Utama",
            "post_content": "Ini adalah pos konten andalan. Klik tautan Sunting untuk mengubah atau menghapusnya, atau <a href=\"https://wordpress.com/post\">mulai pos baru</a>.",
            "post_excerpt": "Ini adalah kutipan pos andalan.",
            "post_status": "publish",
            "comment_status": "open",
            "ping_status": "open",
            "post_type": "post",
            "hs_custom_meta": "_hs_featured_content",
            "hs_sharing": 1,
            "hs_like_status": 1,
            "tags_input": [
                "featured"
            ],
            "hs_old_id": 108
        },
        {
            "post_title": "Penggemar berat Anda",
            "post_content": "Ini adalah <a href=\"https://en.support.wordpress.com/testimonials/\">testimonial</a>. Klik tautan Sunting untuk mengubah atau menghapusnya, atau <a href=\"https://wordpress.com/types/jetpack-testimonial\">tambah testimonial baru</a>.",
            "post_excerpt": "",
            "post_status": "publish",
            "comment_status": "closed",
            "ping_status": "closed",
            "post_type": "jetpack-testimonial",
            "hs_custom_meta": "_hs_testimonial",
            "hs_sharing": 1,
            "hs_like_status": 1,
            "attachment_url": false,
            "hs_old_id": 300
        },
        {
            "post_title": "Penggemar berat Anda",
            "post_content": "Ini adalah <a href=\"https://en.support.wordpress.com/testimonials/\">testimonial</a> kedua Klik tautan Sunting untuk mengubah atau menghapusnya, atau <a href=\"https://wordpress.com/types/jetpack-testimonial\">tambah testimonial baru</a>.",
            "post_excerpt": "",
            "post_status": "publish",
            "comment_status": "closed",
            "ping_status": "closed",
            "post_type": "jetpack-testimonial",
            "hs_custom_meta": "_hs_testimonial",
            "hs_sharing": 1,
            "hs_like_status": 1,
            "attachment_url": false,
            "hs_old_id": 301
        }
    ],
    "menus": {
        "social-media": {
            "name": "Media Sosial",
            "items": [
                {
                    "menu-item-title": "Facebook",
                    "menu-item-db-id": 175,
                    "menu-item-object-id": "175",
                    "menu-item-object": "custom",
                    "menu-item-type": "custom",
                    "menu-item-status": "publish",
                    "menu-item-position": 0,
                    "menu-item-parent-id": "0",
                    "menu-item-description": "",
                    "menu-item-url": "http://www.facebook.com"
                },
                {
                    "menu-item-title": "LinkedIn",
                    "menu-item-db-id": 176,
                    "menu-item-object-id": "176",
                    "menu-item-object": "custom",
                    "menu-item-type": "custom",
                    "menu-item-status": "publish",
                    "menu-item-position": 1,
                    "menu-item-parent-id": "0",
                    "menu-item-description": "",
                    "menu-item-url": "http://www.linkedin.com"
                },
                {
                    "menu-item-title": "Twitter",
                    "menu-item-db-id": 177,
                    "menu-item-object-id": "177",
                    "menu-item-object": "custom",
                    "menu-item-type": "custom",
                    "menu-item-status": "publish",
                    "menu-item-position": 2,
                    "menu-item-parent-id": "0",
                    "menu-item-description": "",
                    "menu-item-url": "http://www.twitter.com"
                },
                {
                    "menu-item-title": "Instagram",
                    "menu-item-db-id": 178,
                    "menu-item-object-id": "178",
                    "menu-item-object": "custom",
                    "menu-item-type": "custom",
                    "menu-item-status": "publish",
                    "menu-item-position": 3,
                    "menu-item-parent-id": "0",
                    "menu-item-description": "",
                    "menu-item-url": "http://www.instagram.com"
                }
            ]
        }
    }
}