{
    "settings": {
        "options": {
            "show_on_front": "posts",
            "posts_per_page": "9",
            "stylesheet": "pub/textbook",
            "featured-content": {
                "tag-id": 35890,
                "tag-name": "featured",
                "hide-tag": 1,
                "show-all": 0
            }
        },
        "theme_mods": {
            "0": false,
            "header_textcolor": "000000",
            "header_image": "https://textbookdemo.files.wordpress.com/2016/07/cropped-cropped-building-54347_1920.jpg",
            "header_image_data": {
                "attachment_id": 112,
                "url": "https://textbookdemo.files.wordpress.com/2016/07/cropped-cropped-building-54347_1920.jpg",
                "thumbnail_url": "https://textbookdemo.files.wordpress.com/2016/07/cropped-cropped-building-54347_1920.jpg",
                "height": 960,
                "width": 1980
            },
            "nav_menu_locations": {
                "header": "primary",
                "jetpack-social-menu": "social-media"
            },
            "custom_logo": "https:\/\/headstartdata.files.wordpress.com\/2017\/02\/textbook-logo.png",
            "jetpack_testimonials": {
                "page-title": "I nostri allievi"
            }
        },
        "headstart": {
            "mapped_id_options": [],
            "mapped_id_theme_mods": [],
            "keep_submenu_items": true
        }
    },
    "widgets": [
        {
            "id": "search-2",
            "id_base": "search",
            "settings": {
                "title": "Ricerca"
            },
            "sidebar": "sidebar-1",
            "position": 0
        },
        {
            "id": "text-2",
            "id_base": "text",
            "settings": {
                "title": "Widget di testo",
                "text": "Questo è un widget di testo che ti consente di aggiungere testo o elementi HTML alla barra laterale. Puoi utilizzarli per visualizzare testo, link, immagini, elementi HTML o una combinazione di tutti questi. Modificali nella sezione Widget dell'<a href=\"https://wordpress.com/customize/\">utilità di personalizzazione</a>."
            },
            "sidebar": "sidebar-1",
            "position": 1
        }
    ],
    "content": [
        {
            "post_title": "Informazioni",
            "post_content": "Questo è l'esempio di una pagina di informazioni. A differenza degli articoli, le pagine sono più indicate per i contenuti senza data che vuoi siano facilmente accessibili, come le pagine di informazioni o dei contatti. Fai clic sul link Modifica per modificare questa pagina oppure <a href=\"https://wordpress.com/page\">aggiungi un'altra pagina</a>.",
            "post_excerpt": "Questo è solo un piccolo estratto per la pagina di&nbsp;informazioni.",
            "post_status": "publish",
            "menu_order": 2,
            "menu_item_description": "This is just a menu item description.",
            "comment_status": "closed",
            "ping_status": "closed",
            "post_type": "page",
            "hs_custom_meta": "_hs_about_page",
            "hs_sharing": 1,
            "hs_like_status": 1,
            "attachment_url": "https://headstartdata.files.wordpress.com/2016/06/stairs-lights-abstract-bubbles1.jpg",
            "hs_old_id": 100
        },
        {
            "post_title": "Contatti",
            "post_content": "Questa è una pagina di contatto con alcune informazioni di contatto di base e un modulo di contatto. [contact-form][contact-field label=\"Nome\" type=\"name\" required=\"1\"/][contact-field label=\"E-mail\" type=\"email\" required=\"1\"/][contact-field label=\"Sito web\" type=\"url\"/][contact-field label=\"Commento\" type=\"textarea\" required=\"1\"/][/contact-form]",
            "post_excerpt": "Questo è solo un piccolo estratto per la pagina dei&nbsp;contatti.",
            "post_status": "publish",
            "menu_order": 3,
            "menu_item_description": "This is just a menu item description.",
            "comment_status": "closed",
            "ping_status": "closed",
            "post_type": "page",
            "hs_custom_meta": "_hs_contact_page",
            "hs_sharing": 1,
            "hs_like_status": 1,
            "attachment_url": "https://headstartdata.files.wordpress.com/2016/06/person-smartphone-office-table.jpeg",
            "hs_old_id": 101
        },
        {
            "post_title": "Primo articolo del blog",
            "post_content": "Questo è il tuo primo articolo. Fai clic sul link Modifica per modificarlo o eliminarlo oppure <a href=\"https://wordpress.com/post\">inizia un nuovo articolo</a>. Se desideri, usa questo articolo per dire ai lettori perché hai iniziato questo blog e cosa intendi farne.",
            "post_excerpt": "Questo è l'estratto per il tuo primo articolo.",
            "post_status": "publish",
            "comment_status": "open",
            "ping_status": "open",
            "post_type": "post",
            "hs_custom_meta": "_hs_first_post",
            "hs_sharing": 1,
            "hs_like_status": 1,
            "attachment_url": "https://headstartdata.files.wordpress.com/2016/06/pexels-photo-30732.jpg",
            "hs_old_id": 102
        },
        {
            "post_title": "Secondo articolo del blog",
            "post_content": "Questo è il tuo secondo articolo. Fai clic sul link Modifica per modificarlo o eliminarlo oppure <a href=\"https://wordpress.com/post\">inizia un nuovo articolo</a>. Se desideri, usa questo articolo per dire ai lettori perché hai iniziato questo blog e cosa intendi farne.",
            "post_excerpt": "Questo è l'estratto per il secondo articolo.",
            "post_status": "publish",
            "comment_status": "open",
            "ping_status": "open",
            "post_type": "post",
            "hs_custom_meta": "_hs_second_post",
            "hs_sharing": 1,
            "hs_like_status": 1,
            "attachment_url": "https://headstartdata.files.wordpress.com/2016/11/wave-384385_1280.jpg",
            "hs_old_id": 107
        },
        {
            "post_title": "Contenuti in evidenza",
            "post_content": "Questo è un articolo di contenuti in evidenza. Fai clic sul link Modifica per modificarlo o eliminarlo oppure <a href=\"https://wordpress.com/post\">inizia un nuovo articolo</a>.",
            "post_excerpt": "Questo è l'estratto per un articolo di contenuti in evidenza.",
            "post_status": "publish",
            "comment_status": "open",
            "ping_status": "open",
            "post_type": "post",
            "hs_custom_meta": "_hs_featured_content",
            "hs_sharing": 1,
            "hs_like_status": 1,
            "tags_input": [
                "featured"
            ],
            "attachment_url": "https://headstartdata.files.wordpress.com/2016/08/hwijjf7rwopgej1nb4zb_img_3773.jpg",
            "hs_old_id": 105
        },
        {
            "post_title": "Contenuti in evidenza",
            "post_content": "Questo è un articolo di contenuti in evidenza. Fai clic sul link Modifica per modificarlo o eliminarlo oppure <a href=\"https://wordpress.com/post\">inizia un nuovo articolo</a>.",
            "post_excerpt": "Questo è l'estratto per un articolo di contenuti in evidenza.",
            "post_status": "publish",
            "comment_status": "open",
            "ping_status": "open",
            "post_type": "post",
            "hs_custom_meta": "_hs_featured_content",
            "hs_sharing": 1,
            "hs_like_status": 1,
            "tags_input": [
                "featured"
            ],
            "attachment_url": "https://headstartdata.files.wordpress.com/2016/06/drink-coffee2.jpg",
            "hs_old_id": 106
        },
        {
            "post_title": "Contenuti in evidenza",
            "post_content": "Questo è un articolo di contenuti in evidenza. Fai clic sul link Modifica per modificarlo o eliminarlo oppure <a href=\"https://wordpress.com/post\">inizia un nuovo articolo</a>.",
            "post_excerpt": "Questo è l'estratto per un articolo di contenuti in evidenza.",
            "post_status": "publish",
            "comment_status": "open",
            "ping_status": "open",
            "post_type": "post",
            "hs_custom_meta": "_hs_featured_content",
            "hs_sharing": 1,
            "hs_like_status": 1,
            "tags_input": [
                "featured"
            ],
            "hs_old_id": 108
        },
        {
            "post_title": "Un tuo grande fan",
            "post_content": "Questa è una <a href=\"https://en.support.wordpress.com/testimonials/\">testimonianza</a>. Fai clic sul link Modifica per modificarla o eliminarla oppure <a href=\"https://wordpress.com/types/jetpack-testimonial\">aggiungi una nuova testimonianza</a>.",
            "post_excerpt": "",
            "post_status": "publish",
            "comment_status": "closed",
            "ping_status": "closed",
            "post_type": "jetpack-testimonial",
            "hs_custom_meta": "_hs_testimonial",
            "hs_sharing": 1,
            "hs_like_status": 1,
            "attachment_url": false,
            "hs_old_id": 300
        },
        {
            "post_title": "Un tuo grande fan",
            "post_content": "Questa è una seconda <a href=\"https://en.support.wordpress.com/testimonials/\">testimonianza</a>. Fai clic sul link Modifica per modificarla o eliminarla oppure <a href=\"https://wordpress.com/types/jetpack-testimonial\">aggiungi una nuova testimonianza</a>.",
            "post_excerpt": "",
            "post_status": "publish",
            "comment_status": "closed",
            "ping_status": "closed",
            "post_type": "jetpack-testimonial",
            "hs_custom_meta": "_hs_testimonial",
            "hs_sharing": 1,
            "hs_like_status": 1,
            "attachment_url": false,
            "hs_old_id": 301
        }
    ],
    "menus": {
        "social-media": {
            "name": "Social media",
            "items": [
                {
                    "menu-item-title": "Facebook",
                    "menu-item-db-id": 175,
                    "menu-item-object-id": "175",
                    "menu-item-object": "custom",
                    "menu-item-type": "custom",
                    "menu-item-status": "publish",
                    "menu-item-position": 0,
                    "menu-item-parent-id": "0",
                    "menu-item-description": "",
                    "menu-item-url": "http://www.facebook.com"
                },
                {
                    "menu-item-title": "LinkedIn",
                    "menu-item-db-id": 176,
                    "menu-item-object-id": "176",
                    "menu-item-object": "custom",
                    "menu-item-type": "custom",
                    "menu-item-status": "publish",
                    "menu-item-position": 1,
                    "menu-item-parent-id": "0",
                    "menu-item-description": "",
                    "menu-item-url": "http://www.linkedin.com"
                },
                {
                    "menu-item-title": "Twitter",
                    "menu-item-db-id": 177,
                    "menu-item-object-id": "177",
                    "menu-item-object": "custom",
                    "menu-item-type": "custom",
                    "menu-item-status": "publish",
                    "menu-item-position": 2,
                    "menu-item-parent-id": "0",
                    "menu-item-description": "",
                    "menu-item-url": "http://www.twitter.com"
                },
                {
                    "menu-item-title": "Instagram",
                    "menu-item-db-id": 178,
                    "menu-item-object-id": "178",
                    "menu-item-object": "custom",
                    "menu-item-type": "custom",
                    "menu-item-status": "publish",
                    "menu-item-position": 3,
                    "menu-item-parent-id": "0",
                    "menu-item-description": "",
                    "menu-item-url": "http://www.instagram.com"
                }
            ]
        }
    }
}