{
    "settings": {
        "options": {
            "show_on_front": "posts",
            "posts_per_page": "9",
            "stylesheet": "pub/textbook",
            "featured-content": {
                "tag-id": 35890,
                "tag-name": "featured",
                "hide-tag": 1,
                "show-all": 0
            }
        },
        "theme_mods": {
            "0": false,
            "header_textcolor": "000000",
            "header_image": "https://textbookdemo.files.wordpress.com/2016/07/cropped-cropped-building-54347_1920.jpg",
            "header_image_data": {
                "attachment_id": 112,
                "url": "https://textbookdemo.files.wordpress.com/2016/07/cropped-cropped-building-54347_1920.jpg",
                "thumbnail_url": "https://textbookdemo.files.wordpress.com/2016/07/cropped-cropped-building-54347_1920.jpg",
                "height": 960,
                "width": 1980
            },
            "nav_menu_locations": {
                "header": "primary",
                "jetpack-social-menu": "social-media"
            },
            "custom_logo": "https:\/\/headstartdata.files.wordpress.com\/2017\/02\/textbook-logo.png",
            "jetpack_testimonials": {
                "page-title": "卒業生"
            }
        },
        "headstart": {
            "mapped_id_options": [],
            "mapped_id_theme_mods": [],
            "keep_submenu_items": true
        }
    },
    "widgets": [
        {
            "id": "search-2",
            "id_base": "search",
            "settings": {
                "title": "検索"
            },
            "sidebar": "sidebar-1",
            "position": 0
        },
        {
            "id": "text-2",
            "id_base": "text",
            "settings": {
                "title": "テキストウィジェット",
                "text": "これはテキストウィジェットです。サイドバーにテキストや HTML を追加できるようになります。テキストウィジェットを使って、テキスト、リンク、画像、HTML、またはこれらの組み合わせを表示できます。これらは、<a href=\"https://wordpress.com/customize/\">カスタマイザー</a>のウィジェットセクションで編集します。"
            },
            "sidebar": "sidebar-1",
            "position": 1
        }
    ],
    "content": [
        {
            "post_title": "このサイトについて",
            "post_content": "これは、「このサイトについて」ページのサンプルです。投稿とは違い、ページは時系列に関係なく簡単にアクセスできるようにしたいコンテンツに向いています。たとえば「このサイトについて」や「お問い合わせ」などです。編集リンクをクリックしてこのページに変更を加えるか、<a href=\"https://wordpress.com/page\">新しいページを作成</a>してみましょう。",
            "post_excerpt": "これは、「このサイトについて」ページの抜粋です。",
            "post_status": "publish",
            "menu_order": 2,
            "menu_item_description": "This is just a menu item description.",
            "comment_status": "closed",
            "ping_status": "closed",
            "post_type": "page",
            "hs_custom_meta": "_hs_about_page",
            "hs_sharing": 1,
            "hs_like_status": 1,
            "attachment_url": "https://headstartdata.files.wordpress.com/2016/06/stairs-lights-abstract-bubbles1.jpg",
            "hs_old_id": 100
        },
        {
            "post_title": "お問い合わせ",
            "post_content": "これは、「お問い合わせ」ページです。このページには、基本的な連絡先情報とお問い合わせフォームがあります。[contact-form][contact-field label=\"名前\" type=\"name\" required=\"1\"/][contact-field label=\"メール\" type=\"email\" required=\"1\"/][contact-field label=\"サイト\" type=\"url\"/][contact-field label=\"コメント\" type=\"textarea\" required=\"1\"/][/contact-form]",
            "post_excerpt": "これは、「お問い合わせ」ページの抜粋です。",
            "post_status": "publish",
            "menu_order": 3,
            "menu_item_description": "This is just a menu item description.",
            "comment_status": "closed",
            "ping_status": "closed",
            "post_type": "page",
            "hs_custom_meta": "_hs_contact_page",
            "hs_sharing": 1,
            "hs_like_status": 1,
            "attachment_url": "https://headstartdata.files.wordpress.com/2016/06/person-smartphone-office-table.jpeg",
            "hs_old_id": 101
        },
        {
            "post_title": "最初のブログ投稿",
            "post_content": "これは最初の投稿です。編集リンクをクリックして内容の変更や削除を行うか、<a href=\"https://wordpress.com/post\">新しい投稿を追加</a>しましょう。この投稿内で、なぜブログを始めたのか、どんなことについてブログを書いていくのか、といったことを読者に伝えるのもよいでしょう。",
            "post_excerpt": "これは、最初の投稿の抜粋です。",
            "post_status": "publish",
            "comment_status": "open",
            "ping_status": "open",
            "post_type": "post",
            "hs_custom_meta": "_hs_first_post",
            "hs_sharing": 1,
            "hs_like_status": 1,
            "attachment_url": "https://headstartdata.files.wordpress.com/2016/06/pexels-photo-30732.jpg",
            "hs_old_id": 102
        },
        {
            "post_title": "2回目のブログ投稿",
            "post_content": "これは2回目のブログ投稿です。編集リンクをクリックして内容の変更や削除を行うか、<a href=\"https://wordpress.com/post\">新しい投稿を追加</a>しましょう。この投稿内で、なぜブログを始めたのか、どんなことについてブログを書いていくのか、といったことを読者に伝えるのもよいでしょう。",
            "post_excerpt": "これは2回目の投稿の抜粋です。",
            "post_status": "publish",
            "comment_status": "open",
            "ping_status": "open",
            "post_type": "post",
            "hs_custom_meta": "_hs_second_post",
            "hs_sharing": 1,
            "hs_like_status": 1,
            "attachment_url": "https://headstartdata.files.wordpress.com/2016/11/wave-384385_1280.jpg",
            "hs_old_id": 107
        },
        {
            "post_title": "おすすめコンテンツ",
            "post_content": "これはおすすめコンテンツの投稿です。編集リンクをクリックして内容の変更や削除を行うか、<a href=\"https://wordpress.com/post\">新しい投稿を追加</a>しましょう。",
            "post_excerpt": "これはおすすめ投稿の抜粋です。",
            "post_status": "publish",
            "comment_status": "open",
            "ping_status": "open",
            "post_type": "post",
            "hs_custom_meta": "_hs_featured_content",
            "hs_sharing": 1,
            "hs_like_status": 1,
            "tags_input": [
                "featured"
            ],
            "attachment_url": "https://headstartdata.files.wordpress.com/2016/08/hwijjf7rwopgej1nb4zb_img_3773.jpg",
            "hs_old_id": 105
        },
        {
            "post_title": "おすすめコンテンツ",
            "post_content": "これはおすすめコンテンツの投稿です。編集リンクをクリックして内容の変更や削除を行うか、<a href=\"https://wordpress.com/post\">新しい投稿を追加</a>しましょう。",
            "post_excerpt": "これはおすすめ投稿の抜粋です。",
            "post_status": "publish",
            "comment_status": "open",
            "ping_status": "open",
            "post_type": "post",
            "hs_custom_meta": "_hs_featured_content",
            "hs_sharing": 1,
            "hs_like_status": 1,
            "tags_input": [
                "featured"
            ],
            "attachment_url": "https://headstartdata.files.wordpress.com/2016/06/drink-coffee2.jpg",
            "hs_old_id": 106
        },
        {
            "post_title": "おすすめコンテンツ",
            "post_content": "これはおすすめコンテンツの投稿です。編集リンクをクリックして内容の変更や削除を行うか、<a href=\"https://wordpress.com/post\">新しい投稿を追加</a>しましょう。",
            "post_excerpt": "これはおすすめ投稿の抜粋です。",
            "post_status": "publish",
            "comment_status": "open",
            "ping_status": "open",
            "post_type": "post",
            "hs_custom_meta": "_hs_featured_content",
            "hs_sharing": 1,
            "hs_like_status": 1,
            "tags_input": [
                "featured"
            ],
            "hs_old_id": 108
        },
        {
            "post_title": "あなたの大ファンです",
            "post_content": "これは<a href=\"https://en.support.wordpress.com/testimonials/\">推薦文</a>です。「編集」リンクをクリックして推薦文を変更または削除するか、<a href=\"https://wordpress.com/types/jetpack-testimonial\">新しい推薦文を追加</a>します。",
            "post_excerpt": "",
            "post_status": "publish",
            "comment_status": "closed",
            "ping_status": "closed",
            "post_type": "jetpack-testimonial",
            "hs_custom_meta": "_hs_testimonial",
            "hs_sharing": 1,
            "hs_like_status": 1,
            "attachment_url": false,
            "hs_old_id": 300
        },
        {
            "post_title": "あなたの大ファンです",
            "post_content": "これは2番目の<a href=\"https://en.support.wordpress.com/testimonials/\">推薦文</a>です。「編集」リンクをクリックして推薦文を変更または削除するか、<a href=\"https://wordpress.com/types/jetpack-testimonial\">新しい推薦文を追加</a>します。",
            "post_excerpt": "",
            "post_status": "publish",
            "comment_status": "closed",
            "ping_status": "closed",
            "post_type": "jetpack-testimonial",
            "hs_custom_meta": "_hs_testimonial",
            "hs_sharing": 1,
            "hs_like_status": 1,
            "attachment_url": false,
            "hs_old_id": 301
        }
    ],
    "menus": {
        "social-media": {
            "name": "ソーシャルメディア",
            "items": [
                {
                    "menu-item-title": "Facebook",
                    "menu-item-db-id": 175,
                    "menu-item-object-id": "175",
                    "menu-item-object": "custom",
                    "menu-item-type": "custom",
                    "menu-item-status": "publish",
                    "menu-item-position": 0,
                    "menu-item-parent-id": "0",
                    "menu-item-description": "",
                    "menu-item-url": "http://www.facebook.com"
                },
                {
                    "menu-item-title": "LinkedIn",
                    "menu-item-db-id": 176,
                    "menu-item-object-id": "176",
                    "menu-item-object": "custom",
                    "menu-item-type": "custom",
                    "menu-item-status": "publish",
                    "menu-item-position": 1,
                    "menu-item-parent-id": "0",
                    "menu-item-description": "",
                    "menu-item-url": "http://www.linkedin.com"
                },
                {
                    "menu-item-title": "Twitter",
                    "menu-item-db-id": 177,
                    "menu-item-object-id": "177",
                    "menu-item-object": "custom",
                    "menu-item-type": "custom",
                    "menu-item-status": "publish",
                    "menu-item-position": 2,
                    "menu-item-parent-id": "0",
                    "menu-item-description": "",
                    "menu-item-url": "http://www.twitter.com"
                },
                {
                    "menu-item-title": "Instagram",
                    "menu-item-db-id": 178,
                    "menu-item-object-id": "178",
                    "menu-item-object": "custom",
                    "menu-item-type": "custom",
                    "menu-item-status": "publish",
                    "menu-item-position": 3,
                    "menu-item-parent-id": "0",
                    "menu-item-description": "",
                    "menu-item-url": "http://www.instagram.com"
                }
            ]
        }
    }
}