{
    "settings": {
        "options": {
            "show_on_front": "posts",
            "posts_per_page": "9",
            "stylesheet": "pub/textbook",
            "featured-content": {
                "tag-id": 35890,
                "tag-name": "featured",
                "hide-tag": 1,
                "show-all": 0
            }
        },
        "theme_mods": {
            "0": false,
            "header_textcolor": "000000",
            "header_image": "https://textbookdemo.files.wordpress.com/2016/07/cropped-cropped-building-54347_1920.jpg",
            "header_image_data": {
                "attachment_id": 112,
                "url": "https://textbookdemo.files.wordpress.com/2016/07/cropped-cropped-building-54347_1920.jpg",
                "thumbnail_url": "https://textbookdemo.files.wordpress.com/2016/07/cropped-cropped-building-54347_1920.jpg",
                "height": 960,
                "width": 1980
            },
            "nav_menu_locations": {
                "header": "primary",
                "jetpack-social-menu": "social-media"
            },
            "custom_logo": "https:\/\/headstartdata.files.wordpress.com\/2017\/02\/textbook-logo.png",
            "jetpack_testimonials": {
                "page-title": "Nossos graduados"
            }
        },
        "headstart": {
            "mapped_id_options": [],
            "mapped_id_theme_mods": [],
            "keep_submenu_items": true
        }
    },
    "widgets": [
        {
            "id": "search-2",
            "id_base": "search",
            "settings": {
                "title": "Pesquisar"
            },
            "sidebar": "sidebar-1",
            "position": 0
        },
        {
            "id": "text-2",
            "id_base": "text",
            "settings": {
                "title": "Widget de texto",
                "text": "Este é um widget de texto, que permite adicionar texto ou HTML à barra lateral. Você pode usá-los para exibir texto, links, imagens, HTML ou uma combinação dentre esses. Edite os widgets na seção Widget do <a href=\"https://wordpress.com/customize/\">Personalizador</a>."
            },
            "sidebar": "sidebar-1",
            "position": 1
        }
    ],
    "content": [
        {
            "post_title": "Sobre",
            "post_content": "Este é um exemplo de uma página Sobre. Diferente de posts, as páginas são mais apropriadas para conteúdo que não depende de tempo e que deve estar facilmente disponível, como as informações nas páginas Sobre ou Contato. Clique no link Editar para fazer alterações nesta página ou <a href=\"https://wordpress.com/page\">adicione uma nova página</a>.",
            "post_excerpt": "Esse é apenas um pequeno resumo para a página&nbsp;Sobre.",
            "post_status": "publish",
            "menu_order": 2,
            "menu_item_description": "This is just a menu item description.",
            "comment_status": "closed",
            "ping_status": "closed",
            "post_type": "page",
            "hs_custom_meta": "_hs_about_page",
            "hs_sharing": 1,
            "hs_like_status": 1,
            "attachment_url": "https://headstartdata.files.wordpress.com/2016/06/stairs-lights-abstract-bubbles1.jpg",
            "hs_old_id": 100
        },
        {
            "post_title": "Contato",
            "post_content": "Esta é uma página Contato com algumas informações básicas de contato e um formulário de contato. [contact-form][contact-field label=\"Nome\" type=\"name\" required=\"1\"/][contact-field label=\"Email\" type=\"email\" required=\"1\"/][contact-field label=\"Site\" type=\"url\"/][contact-field label=\"Comentário\" type=\"textarea\" required=\"1\"/][/contact-form]",
            "post_excerpt": "Esse é apenas um pequeno resumo para a página&nbsp;Contato.",
            "post_status": "publish",
            "menu_order": 3,
            "menu_item_description": "This is just a menu item description.",
            "comment_status": "closed",
            "ping_status": "closed",
            "post_type": "page",
            "hs_custom_meta": "_hs_contact_page",
            "hs_sharing": 1,
            "hs_like_status": 1,
            "attachment_url": "https://headstartdata.files.wordpress.com/2016/06/person-smartphone-office-table.jpeg",
            "hs_old_id": 101
        },
        {
            "post_title": "Primeiro post do blog",
            "post_content": "Este é seu primeiro post. Clique no link Editar para modificar ou excluir o post, ou então <a href=\"https://wordpress.com/post\">comece um novo</a>. Se preferir, use esta publicação para informar aos leitores o motivo pelo qual você iniciou este blog e o que planeja fazer com ele.",
            "post_excerpt": "Este é um resumo da sua primeira publicação.",
            "post_status": "publish",
            "comment_status": "open",
            "ping_status": "open",
            "post_type": "post",
            "hs_custom_meta": "_hs_first_post",
            "hs_sharing": 1,
            "hs_like_status": 1,
            "attachment_url": "https://headstartdata.files.wordpress.com/2016/06/pexels-photo-30732.jpg",
            "hs_old_id": 102
        },
        {
            "post_title": "Segundo post do blog",
            "post_content": "Esse é o seu segundo post. Clique no link Editar para modificar ou excluir o post, ou então <a href=\"https://wordpress.com/post\">comece um novo</a>. Se preferir, use o post para informar aos leitores o motivo pelo qual você iniciou este blog e o que planeja fazer com ele.",
            "post_excerpt": "Este é o resumo do seu segundo post.",
            "post_status": "publish",
            "comment_status": "open",
            "ping_status": "open",
            "post_type": "post",
            "hs_custom_meta": "_hs_second_post",
            "hs_sharing": 1,
            "hs_like_status": 1,
            "attachment_url": "https://headstartdata.files.wordpress.com/2016/11/wave-384385_1280.jpg",
            "hs_old_id": 107
        },
        {
            "post_title": "Conteúdo em destaque",
            "post_content": "Este é um post com conteúdo em destaque. Clique no link Editar para modificar ou excluir o post, ou então <a href=\"https://wordpress.com/post\">comece um novo</a>.",
            "post_excerpt": "Este é o resumo de um post destacado.",
            "post_status": "publish",
            "comment_status": "open",
            "ping_status": "open",
            "post_type": "post",
            "hs_custom_meta": "_hs_featured_content",
            "hs_sharing": 1,
            "hs_like_status": 1,
            "tags_input": [
                "featured"
            ],
            "attachment_url": "https://headstartdata.files.wordpress.com/2016/08/hwijjf7rwopgej1nb4zb_img_3773.jpg",
            "hs_old_id": 105
        },
        {
            "post_title": "Conteúdo em destaque",
            "post_content": "Este é um post com conteúdo em destaque. Clique no link Editar para modificar ou excluir o post, ou então <a href=\"https://wordpress.com/post\">comece um novo</a>.",
            "post_excerpt": "Este é o resumo de um post destacado.",
            "post_status": "publish",
            "comment_status": "open",
            "ping_status": "open",
            "post_type": "post",
            "hs_custom_meta": "_hs_featured_content",
            "hs_sharing": 1,
            "hs_like_status": 1,
            "tags_input": [
                "featured"
            ],
            "attachment_url": "https://headstartdata.files.wordpress.com/2016/06/drink-coffee2.jpg",
            "hs_old_id": 106
        },
        {
            "post_title": "Conteúdo em destaque",
            "post_content": "Este é um post com conteúdo em destaque. Clique no link Editar para modificar ou excluir o post, ou então <a href=\"https://wordpress.com/post\">comece um novo</a>.",
            "post_excerpt": "Este é o resumo de um post destacado.",
            "post_status": "publish",
            "comment_status": "open",
            "ping_status": "open",
            "post_type": "post",
            "hs_custom_meta": "_hs_featured_content",
            "hs_sharing": 1,
            "hs_like_status": 1,
            "tags_input": [
                "featured"
            ],
            "hs_old_id": 108
        },
        {
            "post_title": "Um grande fã seu",
            "post_content": "Este é um <a href=\"https://en.support.wordpress.com/testimonials/\">depoimento</a>. Clique no link Editar para modificar ou excluir o depoimento, ou então <a href=\"https://wordpress.com/types/jetpack-testimonial\">adicione um novo</a>.",
            "post_excerpt": "",
            "post_status": "publish",
            "comment_status": "closed",
            "ping_status": "closed",
            "post_type": "jetpack-testimonial",
            "hs_custom_meta": "_hs_testimonial",
            "hs_sharing": 1,
            "hs_like_status": 1,
            "attachment_url": false,
            "hs_old_id": 300
        },
        {
            "post_title": "Um grande fã seu",
            "post_content": "Este é um segundo <a href=\"https://en.support.wordpress.com/testimonials/\">depoimento</a>. Clique no link Editar para modificar ou excluir o depoimento, ou então <a href=\"https://wordpress.com/types/jetpack-testimonial\">adicione um novo</a>.",
            "post_excerpt": "",
            "post_status": "publish",
            "comment_status": "closed",
            "ping_status": "closed",
            "post_type": "jetpack-testimonial",
            "hs_custom_meta": "_hs_testimonial",
            "hs_sharing": 1,
            "hs_like_status": 1,
            "attachment_url": false,
            "hs_old_id": 301
        }
    ],
    "menus": {
        "social-media": {
            "name": "Redes sociais",
            "items": [
                {
                    "menu-item-title": "Facebook",
                    "menu-item-db-id": 175,
                    "menu-item-object-id": "175",
                    "menu-item-object": "custom",
                    "menu-item-type": "custom",
                    "menu-item-status": "publish",
                    "menu-item-position": 0,
                    "menu-item-parent-id": "0",
                    "menu-item-description": "",
                    "menu-item-url": "http://www.facebook.com"
                },
                {
                    "menu-item-title": "LinkedIn",
                    "menu-item-db-id": 176,
                    "menu-item-object-id": "176",
                    "menu-item-object": "custom",
                    "menu-item-type": "custom",
                    "menu-item-status": "publish",
                    "menu-item-position": 1,
                    "menu-item-parent-id": "0",
                    "menu-item-description": "",
                    "menu-item-url": "http://www.linkedin.com"
                },
                {
                    "menu-item-title": "Twitter",
                    "menu-item-db-id": 177,
                    "menu-item-object-id": "177",
                    "menu-item-object": "custom",
                    "menu-item-type": "custom",
                    "menu-item-status": "publish",
                    "menu-item-position": 2,
                    "menu-item-parent-id": "0",
                    "menu-item-description": "",
                    "menu-item-url": "http://www.twitter.com"
                },
                {
                    "menu-item-title": "Instagram",
                    "menu-item-db-id": 178,
                    "menu-item-object-id": "178",
                    "menu-item-object": "custom",
                    "menu-item-type": "custom",
                    "menu-item-status": "publish",
                    "menu-item-position": 3,
                    "menu-item-parent-id": "0",
                    "menu-item-description": "",
                    "menu-item-url": "http://www.instagram.com"
                }
            ]
        }
    }
}