{
    "settings": {
        "options": {
            "show_on_front": "posts",
            "posts_per_page": "9",
            "stylesheet": "pub/textbook",
            "featured-content": {
                "tag-id": 35890,
                "tag-name": "featured",
                "hide-tag": 1,
                "show-all": 0
            }
        },
        "theme_mods": {
            "0": false,
            "header_textcolor": "000000",
            "header_image": "https://textbookdemo.files.wordpress.com/2016/07/cropped-cropped-building-54347_1920.jpg",
            "header_image_data": {
                "attachment_id": 112,
                "url": "https://textbookdemo.files.wordpress.com/2016/07/cropped-cropped-building-54347_1920.jpg",
                "thumbnail_url": "https://textbookdemo.files.wordpress.com/2016/07/cropped-cropped-building-54347_1920.jpg",
                "height": 960,
                "width": 1980
            },
            "nav_menu_locations": {
                "header": "primary",
                "jetpack-social-menu": "social-media"
            },
            "custom_logo": "https:\/\/headstartdata.files.wordpress.com\/2017\/02\/textbook-logo.png",
            "jetpack_testimonials": {
                "page-title": "Наши выпускники"
            }
        },
        "headstart": {
            "mapped_id_options": [],
            "mapped_id_theme_mods": [],
            "keep_submenu_items": true
        }
    },
    "widgets": [
        {
            "id": "search-2",
            "id_base": "search",
            "settings": {
                "title": "Поиск"
            },
            "sidebar": "sidebar-1",
            "position": 0
        },
        {
            "id": "text-2",
            "id_base": "text",
            "settings": {
                "title": "Текстовый виджет",
                "text": "С помощью этого виджета можно добавлять текст или HTML-код на боковую панель. Он используется для отображения текста, ссылок, изображений, HTML-фрагментов или их сочетаний. Чтобы изменить элемент, откройте раздел «Виджет» в <a href=\"https://wordpress.com/customize/\">конфигураторе</a>."
            },
            "sidebar": "sidebar-1",
            "position": 1
        }
    ],
    "content": [
        {
            "post_title": "О нас",
            "post_content": "Это пример страницы «О нас». Сведения о владельце сайта, контактные данные и прочую информацию, которая должна быть всегда и легко доступна, лучше размещать на отдельных страницах, а не в записях блога. Выберите элемент «Изменить», чтобы отредактировать эту страницу, или <a href=\"https://wordpress.com/page\">добавьте новую страницу</a>.",
            "post_excerpt": "Это небольшая цитата для страницы «О нас», содержащей информацию&nbsp;о владельце сайта.",
            "post_status": "publish",
            "menu_order": 2,
            "menu_item_description": "This is just a menu item description.",
            "comment_status": "closed",
            "ping_status": "closed",
            "post_type": "page",
            "hs_custom_meta": "_hs_about_page",
            "hs_sharing": 1,
            "hs_like_status": 1,
            "attachment_url": "https://headstartdata.files.wordpress.com/2016/06/stairs-lights-abstract-bubbles1.jpg",
            "hs_old_id": 100
        },
        {
            "post_title": "Контакты",
            "post_content": "На этой странице представлена основная контактная информация и контактная форма. [contact-form][contact-field label=\"Имя\" type=\"name\" required=\"1\"/][contact-field label=\"Адрес эл. почты\" type=\"email\" required=\"1\"/][contact-field label=\"Веб-сайт\" type=\"url\"/][contact-field label=\"Комментарий\" type=\"textarea\" required=\"1\"/][/contact-form]",
            "post_excerpt": "Это небольшая цитата для страницы&nbsp;«Контакты».",
            "post_status": "publish",
            "menu_order": 3,
            "menu_item_description": "This is just a menu item description.",
            "comment_status": "closed",
            "ping_status": "closed",
            "post_type": "page",
            "hs_custom_meta": "_hs_contact_page",
            "hs_sharing": 1,
            "hs_like_status": 1,
            "attachment_url": "https://headstartdata.files.wordpress.com/2016/06/person-smartphone-office-table.jpeg",
            "hs_old_id": 101
        },
        {
            "post_title": "Первая запись в блоге",
            "post_content": "Это ваша самая первая запись. Чтобы отредактировать или удалить её, нажмите кнопку «Изменить» или <a href=\"https://wordpress.com/post\">создайте новую запись</a>. В этой записи можно рассказать читателям, почему вы завели блог и что планируете в нём публиковать.",
            "post_excerpt": "Это цитата для вашей первой записи.",
            "post_status": "publish",
            "comment_status": "open",
            "ping_status": "open",
            "post_type": "post",
            "hs_custom_meta": "_hs_first_post",
            "hs_sharing": 1,
            "hs_like_status": 1,
            "attachment_url": "https://headstartdata.files.wordpress.com/2016/06/pexels-photo-30732.jpg",
            "hs_old_id": 102
        },
        {
            "post_title": "Вторая запись в блоге",
            "post_content": "Это ваша вторая запись. Выберите элемент «Изменить», чтобы отредактировать или удалить её, или <a href=\"https://wordpress.com/post\">создайте новую запись</a>. Если вы хотите написать что-нибудь ещё, расскажите читателям, почему завели блог и что планируете в нём публиковать.",
            "post_excerpt": "Это цитата для вашей второй записи.",
            "post_status": "publish",
            "comment_status": "open",
            "ping_status": "open",
            "post_type": "post",
            "hs_custom_meta": "_hs_second_post",
            "hs_sharing": 1,
            "hs_like_status": 1,
            "attachment_url": "https://headstartdata.files.wordpress.com/2016/11/wave-384385_1280.jpg",
            "hs_old_id": 107
        },
        {
            "post_title": "Избранное содержимое",
            "post_content": "Это запись с избранным содержимым. Выберите элемент «Изменить», чтобы отредактировать или удалить её, или <a href=\"https://wordpress.com/post\">создайте новую запись</a>.",
            "post_excerpt": "Это цитата для избранной записи.",
            "post_status": "publish",
            "comment_status": "open",
            "ping_status": "open",
            "post_type": "post",
            "hs_custom_meta": "_hs_featured_content",
            "hs_sharing": 1,
            "hs_like_status": 1,
            "tags_input": [
                "featured"
            ],
            "attachment_url": "https://headstartdata.files.wordpress.com/2016/08/hwijjf7rwopgej1nb4zb_img_3773.jpg",
            "hs_old_id": 105
        },
        {
            "post_title": "Избранное содержимое",
            "post_content": "Это запись с избранным содержимым. Выберите элемент «Изменить», чтобы отредактировать или удалить её, или <a href=\"https://wordpress.com/post\">создайте новую запись</a>.",
            "post_excerpt": "Это цитата для избранной записи.",
            "post_status": "publish",
            "comment_status": "open",
            "ping_status": "open",
            "post_type": "post",
            "hs_custom_meta": "_hs_featured_content",
            "hs_sharing": 1,
            "hs_like_status": 1,
            "tags_input": [
                "featured"
            ],
            "attachment_url": "https://headstartdata.files.wordpress.com/2016/06/drink-coffee2.jpg",
            "hs_old_id": 106
        },
        {
            "post_title": "Избранное содержимое",
            "post_content": "Это запись с избранным содержимым. Выберите элемент «Изменить», чтобы отредактировать или удалить её, или <a href=\"https://wordpress.com/post\">создайте новую запись</a>.",
            "post_excerpt": "Это цитата для избранной записи.",
            "post_status": "publish",
            "comment_status": "open",
            "ping_status": "open",
            "post_type": "post",
            "hs_custom_meta": "_hs_featured_content",
            "hs_sharing": 1,
            "hs_like_status": 1,
            "tags_input": [
                "featured"
            ],
            "hs_old_id": 108
        },
        {
            "post_title": "Ваш большой поклонник",
            "post_content": "Это <a href=\"https://en.support.wordpress.com/testimonials/\">отзыв</a>. Нажмите «Редактировать», чтобы изменить или удалить его, или <a href=\"https://wordpress.com/types/jetpack-testimonial\">добавьте новый отзыв</a>.",
            "post_excerpt": "",
            "post_status": "publish",
            "comment_status": "closed",
            "ping_status": "closed",
            "post_type": "jetpack-testimonial",
            "hs_custom_meta": "_hs_testimonial",
            "hs_sharing": 1,
            "hs_like_status": 1,
            "attachment_url": false,
            "hs_old_id": 300
        },
        {
            "post_title": "Ваш большой поклонник",
            "post_content": "Это второй <a href=\"https://en.support.wordpress.com/testimonials/\">отзыв</a>. Нажмите «Редактировать», чтобы изменить или удалить его, или <a href=\"https://wordpress.com/types/jetpack-testimonial\">добавьте новый отзыв</a>.",
            "post_excerpt": "",
            "post_status": "publish",
            "comment_status": "closed",
            "ping_status": "closed",
            "post_type": "jetpack-testimonial",
            "hs_custom_meta": "_hs_testimonial",
            "hs_sharing": 1,
            "hs_like_status": 1,
            "attachment_url": false,
            "hs_old_id": 301
        }
    ],
    "menus": {
        "social-media": {
            "name": "Социальные сети",
            "items": [
                {
                    "menu-item-title": "Facebook",
                    "menu-item-db-id": 175,
                    "menu-item-object-id": "175",
                    "menu-item-object": "custom",
                    "menu-item-type": "custom",
                    "menu-item-status": "publish",
                    "menu-item-position": 0,
                    "menu-item-parent-id": "0",
                    "menu-item-description": "",
                    "menu-item-url": "http://www.facebook.com"
                },
                {
                    "menu-item-title": "LinkedIn",
                    "menu-item-db-id": 176,
                    "menu-item-object-id": "176",
                    "menu-item-object": "custom",
                    "menu-item-type": "custom",
                    "menu-item-status": "publish",
                    "menu-item-position": 1,
                    "menu-item-parent-id": "0",
                    "menu-item-description": "",
                    "menu-item-url": "http://www.linkedin.com"
                },
                {
                    "menu-item-title": "Twitter",
                    "menu-item-db-id": 177,
                    "menu-item-object-id": "177",
                    "menu-item-object": "custom",
                    "menu-item-type": "custom",
                    "menu-item-status": "publish",
                    "menu-item-position": 2,
                    "menu-item-parent-id": "0",
                    "menu-item-description": "",
                    "menu-item-url": "http://www.twitter.com"
                },
                {
                    "menu-item-title": "Instagram",
                    "menu-item-db-id": 178,
                    "menu-item-object-id": "178",
                    "menu-item-object": "custom",
                    "menu-item-type": "custom",
                    "menu-item-status": "publish",
                    "menu-item-position": 3,
                    "menu-item-parent-id": "0",
                    "menu-item-description": "",
                    "menu-item-url": "http://www.instagram.com"
                }
            ]
        }
    }
}