{
    "settings": {
        "options": {
            "show_on_front": "posts",
            "posts_per_page": "9",
            "stylesheet": "pub/textbook",
            "featured-content": {
                "tag-id": 35890,
                "tag-name": "featured",
                "hide-tag": 1,
                "show-all": 0
            }
        },
        "theme_mods": {
            "0": false,
            "header_textcolor": "000000",
            "header_image": "https://textbookdemo.files.wordpress.com/2016/07/cropped-cropped-building-54347_1920.jpg",
            "header_image_data": {
                "attachment_id": 112,
                "url": "https://textbookdemo.files.wordpress.com/2016/07/cropped-cropped-building-54347_1920.jpg",
                "thumbnail_url": "https://textbookdemo.files.wordpress.com/2016/07/cropped-cropped-building-54347_1920.jpg",
                "height": 960,
                "width": 1980
            },
            "nav_menu_locations": {
                "header": "primary",
                "jetpack-social-menu": "social-media"
            },
            "custom_logo": "https:\/\/headstartdata.files.wordpress.com\/2017\/02\/textbook-logo.png",
            "jetpack_testimonials": {
                "page-title": "Våra utexaminerade"
            }
        },
        "headstart": {
            "mapped_id_options": [],
            "mapped_id_theme_mods": [],
            "keep_submenu_items": true
        }
    },
    "widgets": [
        {
            "id": "search-2",
            "id_base": "search",
            "settings": {
                "title": "Sök"
            },
            "sidebar": "sidebar-1",
            "position": 0
        },
        {
            "id": "text-2",
            "id_base": "text",
            "settings": {
                "title": "Textwidget",
                "text": "Det här är en textwidget som gör att du kan lägga till text eller HTML i din sidopanel. Du kan använda dem för att visa text, länkar, bilder, HTML eller en kombination av detta. Redigera dem i widgetavsnittet i <a href=\"https://wordpress.com/customize/\">Anpassa</a>."
            },
            "sidebar": "sidebar-1",
            "position": 1
        }
    ],
    "content": [
        {
            "post_title": "Om",
            "post_content": "Det här är ett exempel på en \"om\"-sida. Till skillnad från inlägg är sidor bättre lämpade för mer tidlöst innehåll som du vill ha lättillgängligt, som Om eller Kontaktinformation. Klicka på Redigera-länken om du vill göra ändringar på sidan eller <a href=\"https://wordpress.com/page\">lägga till ytterligare en sida</a>.",
            "post_excerpt": "Det här är bara en kort utdrag för om-sidan&nbsp;.",
            "post_status": "publish",
            "menu_order": 2,
            "menu_item_description": "This is just a menu item description.",
            "comment_status": "closed",
            "ping_status": "closed",
            "post_type": "page",
            "hs_custom_meta": "_hs_about_page",
            "hs_sharing": 1,
            "hs_like_status": 1,
            "attachment_url": "https://headstartdata.files.wordpress.com/2016/06/stairs-lights-abstract-bubbles1.jpg",
            "hs_old_id": 100
        },
        {
            "post_title": "Kontakta oss",
            "post_content": "Det här är en kontaktsida med lite grundläggande kontaktinformation och ett kontaktformulär. [contact-form][contact-field label=\"Namn\" type=\"name\" required=\"1\"/][contact-field label=\"E-post\" type=\"email\" required=\"1\"/][contact-field label=\"Webbsida\" type=\"url\"/][contact-field label=\"Kommentar\" type=\"textarea\" required=\"1\"/][/contact-form]",
            "post_excerpt": "Det här är bara ett kort utdrag för&nbsp;kontaktsidan.",
            "post_status": "publish",
            "menu_order": 3,
            "menu_item_description": "This is just a menu item description.",
            "comment_status": "closed",
            "ping_status": "closed",
            "post_type": "page",
            "hs_custom_meta": "_hs_contact_page",
            "hs_sharing": 1,
            "hs_like_status": 1,
            "attachment_url": "https://headstartdata.files.wordpress.com/2016/06/person-smartphone-office-table.jpeg",
            "hs_old_id": 101
        },
        {
            "post_title": "Första blogginlägget",
            "post_content": "Det här är ditt allra första inlägg. Klicka på Redigera-länken om du vill ändra eller ta bort det eller <a href=\"https://wordpress.com/post\">skriv ett nytt inlägg</a>. Om du vill kan du använda det här inlägget till att berätta för dina läsare om varför du startade din blogg och vad du tänker göra med den.",
            "post_excerpt": "Det här är utdraget för ditt allra första inlägg.",
            "post_status": "publish",
            "comment_status": "open",
            "ping_status": "open",
            "post_type": "post",
            "hs_custom_meta": "_hs_first_post",
            "hs_sharing": 1,
            "hs_like_status": 1,
            "attachment_url": "https://headstartdata.files.wordpress.com/2016/06/pexels-photo-30732.jpg",
            "hs_old_id": 102
        },
        {
            "post_title": "Andra blogginlägget",
            "post_content": "Det här är ditt andra inlägg. Klicka på Redigera-länken om du vill ändra eller ta bort det eller <a href=\"https://wordpress.com/post\">skriv ett nytt inlägg</a>. Om du vill kan du använda det här inlägget till att berätta för dina läsare om varför du startade din blogg och vad du tänker göra med den.",
            "post_excerpt": "Det här är utdraget för ditt andra inlägg.",
            "post_status": "publish",
            "comment_status": "open",
            "ping_status": "open",
            "post_type": "post",
            "hs_custom_meta": "_hs_second_post",
            "hs_sharing": 1,
            "hs_like_status": 1,
            "attachment_url": "https://headstartdata.files.wordpress.com/2016/11/wave-384385_1280.jpg",
            "hs_old_id": 107
        },
        {
            "post_title": "Utvalt innehåll",
            "post_content": "Det här är ett inlägg med utvalt innehåll. Klicka på Redigera-länken om du vill ändra eller ta bort det eller <a href=\"https://wordpress.com/post\">skriv ett nytt inlägg</a>.",
            "post_excerpt": "Det här är utdraget för ett utvalt inlägg.",
            "post_status": "publish",
            "comment_status": "open",
            "ping_status": "open",
            "post_type": "post",
            "hs_custom_meta": "_hs_featured_content",
            "hs_sharing": 1,
            "hs_like_status": 1,
            "tags_input": [
                "featured"
            ],
            "attachment_url": "https://headstartdata.files.wordpress.com/2016/08/hwijjf7rwopgej1nb4zb_img_3773.jpg",
            "hs_old_id": 105
        },
        {
            "post_title": "Utvalt innehåll",
            "post_content": "Det här är ett inlägg med utvalt innehåll. Klicka på Redigera-länken om du vill ändra eller ta bort det eller <a href=\"https://wordpress.com/post\">skriv ett nytt inlägg</a>.",
            "post_excerpt": "Det här är utdraget för ett utvalt inlägg.",
            "post_status": "publish",
            "comment_status": "open",
            "ping_status": "open",
            "post_type": "post",
            "hs_custom_meta": "_hs_featured_content",
            "hs_sharing": 1,
            "hs_like_status": 1,
            "tags_input": [
                "featured"
            ],
            "attachment_url": "https://headstartdata.files.wordpress.com/2016/06/drink-coffee2.jpg",
            "hs_old_id": 106
        },
        {
            "post_title": "Utvalt innehåll",
            "post_content": "Det här är ett inlägg med utvalt innehåll. Klicka på Redigera-länken om du vill ändra eller ta bort det eller <a href=\"https://wordpress.com/post\">skriv ett nytt inlägg</a>.",
            "post_excerpt": "Det här är utdraget för ett utvalt inlägg.",
            "post_status": "publish",
            "comment_status": "open",
            "ping_status": "open",
            "post_type": "post",
            "hs_custom_meta": "_hs_featured_content",
            "hs_sharing": 1,
            "hs_like_status": 1,
            "tags_input": [
                "featured"
            ],
            "hs_old_id": 108
        },
        {
            "post_title": "Ett stort fan av dig",
            "post_content": "Detta är ett <a href=\"https://en.support.wordpress.com/testimonials/\">omdöme</a>. Klicka på Redigera-länken om du vill ändra eller ta bort det eller <a href=\"https://wordpress.com/types/jetpack-testimonial\">lägg till ett nytt omdöme</a>.",
            "post_excerpt": "",
            "post_status": "publish",
            "comment_status": "closed",
            "ping_status": "closed",
            "post_type": "jetpack-testimonial",
            "hs_custom_meta": "_hs_testimonial",
            "hs_sharing": 1,
            "hs_like_status": 1,
            "attachment_url": false,
            "hs_old_id": 300
        },
        {
            "post_title": "Ett stort fan av dig",
            "post_content": "Detta är ett andra <a href=\"https://en.support.wordpress.com/testimonials/\">omdöme</a>. Klicka på Redigera-länken om du vill ändra eller ta bort det eller <a href=\"https://wordpress.com/types/jetpack-testimonial\">lägg till ett nytt omdöme</a>.",
            "post_excerpt": "",
            "post_status": "publish",
            "comment_status": "closed",
            "ping_status": "closed",
            "post_type": "jetpack-testimonial",
            "hs_custom_meta": "_hs_testimonial",
            "hs_sharing": 1,
            "hs_like_status": 1,
            "attachment_url": false,
            "hs_old_id": 301
        }
    ],
    "menus": {
        "social-media": {
            "name": "Sociala medier",
            "items": [
                {
                    "menu-item-title": "Facebook",
                    "menu-item-db-id": 175,
                    "menu-item-object-id": "175",
                    "menu-item-object": "custom",
                    "menu-item-type": "custom",
                    "menu-item-status": "publish",
                    "menu-item-position": 0,
                    "menu-item-parent-id": "0",
                    "menu-item-description": "",
                    "menu-item-url": "http://www.facebook.com"
                },
                {
                    "menu-item-title": "LinkedIn",
                    "menu-item-db-id": 176,
                    "menu-item-object-id": "176",
                    "menu-item-object": "custom",
                    "menu-item-type": "custom",
                    "menu-item-status": "publish",
                    "menu-item-position": 1,
                    "menu-item-parent-id": "0",
                    "menu-item-description": "",
                    "menu-item-url": "http://www.linkedin.com"
                },
                {
                    "menu-item-title": "Twitter",
                    "menu-item-db-id": 177,
                    "menu-item-object-id": "177",
                    "menu-item-object": "custom",
                    "menu-item-type": "custom",
                    "menu-item-status": "publish",
                    "menu-item-position": 2,
                    "menu-item-parent-id": "0",
                    "menu-item-description": "",
                    "menu-item-url": "http://www.twitter.com"
                },
                {
                    "menu-item-title": "Instagram",
                    "menu-item-db-id": 178,
                    "menu-item-object-id": "178",
                    "menu-item-object": "custom",
                    "menu-item-type": "custom",
                    "menu-item-status": "publish",
                    "menu-item-position": 3,
                    "menu-item-parent-id": "0",
                    "menu-item-description": "",
                    "menu-item-url": "http://www.instagram.com"
                }
            ]
        }
    }
}