{
    "settings": {
        "options": {
            "show_on_front": "posts",
            "posts_per_page": "9",
            "stylesheet": "pub/textbook",
            "featured-content": {
                "tag-id": 35890,
                "tag-name": "featured",
                "hide-tag": 1,
                "show-all": 0
            }
        },
        "theme_mods": {
            "0": false,
            "header_textcolor": "000000",
            "header_image": "https://textbookdemo.files.wordpress.com/2016/07/cropped-cropped-building-54347_1920.jpg",
            "header_image_data": {
                "attachment_id": 112,
                "url": "https://textbookdemo.files.wordpress.com/2016/07/cropped-cropped-building-54347_1920.jpg",
                "thumbnail_url": "https://textbookdemo.files.wordpress.com/2016/07/cropped-cropped-building-54347_1920.jpg",
                "height": 960,
                "width": 1980
            },
            "nav_menu_locations": {
                "header": "primary",
                "jetpack-social-menu": "social-media"
            },
            "custom_logo": "https:\/\/headstartdata.files.wordpress.com\/2017\/02\/textbook-logo.png",
            "jetpack_testimonials": {
                "page-title": "Mezunlarımız"
            }
        },
        "headstart": {
            "mapped_id_options": [],
            "mapped_id_theme_mods": [],
            "keep_submenu_items": true
        }
    },
    "widgets": [
        {
            "id": "search-2",
            "id_base": "search",
            "settings": {
                "title": "Ara"
            },
            "sidebar": "sidebar-1",
            "position": 0
        },
        {
            "id": "text-2",
            "id_base": "text",
            "settings": {
                "title": "Metin Pencere Öğesi",
                "text": "Bu, kenar çubuğunuza metin veya HTML eklemenizi sağlayan bir metin pencere öğesidir. Bunları metin, bağlantı, görüntü, HTML veya bunların bir birleşimini görüntülemek için kullanabilirsiniz. Bunları <a href=\"https://wordpress.com/customize/\">Özelleştirici</a>'nin Pencere Öğesi bölümünde düzenleyin."
            },
            "sidebar": "sidebar-1",
            "position": 1
        }
    ],
    "content": [
        {
            "post_title": "Hakkında",
            "post_content": "Bu bir hakkında sayfası örneğidir. Gönderilerin aksine sayfalar, Hakkında ya da İletişim gibi kolayca ulaşılabilir, zamandan bağımsız içerikleriniz için daha uygundur. Bu sayfada değişiklik yapmak için Düzenle'ye tıklayın veya <a href=\"https://wordpress.com/page\">başka bir sayfa ekleyin</a>.",
            "post_excerpt": "Bu yalnızca hakkında&nbsp;sayfası için kısa bir alıntıdır.",
            "post_status": "publish",
            "menu_order": 2,
            "menu_item_description": "This is just a menu item description.",
            "comment_status": "closed",
            "ping_status": "closed",
            "post_type": "page",
            "hs_custom_meta": "_hs_about_page",
            "hs_sharing": 1,
            "hs_like_status": 1,
            "attachment_url": "https://headstartdata.files.wordpress.com/2016/06/stairs-lights-abstract-bubbles1.jpg",
            "hs_old_id": 100
        },
        {
            "post_title": "İletişim",
            "post_content": "Bu, bazı temel bilgilerin ve bir iletişim formunun yer aldığı bir iletişim sayfasıdır. [contact-form][contact-field label=\"Ad\" type=\"name\" required=\"1\"/][contact-field label=\"E-posta\" type=\"email\" required=\"1\"/][contact-field label=\"Web sitesi\" type=\"url\"/][contact-field label=\"Yorum\" type=\"textarea\" required=\"1\"/][/contact-form]",
            "post_excerpt": "Bu yalnızca iletişim&nbsp;sayfası için kısa bir alıntıdır.",
            "post_status": "publish",
            "menu_order": 3,
            "menu_item_description": "This is just a menu item description.",
            "comment_status": "closed",
            "ping_status": "closed",
            "post_type": "page",
            "hs_custom_meta": "_hs_contact_page",
            "hs_sharing": 1,
            "hs_like_status": 1,
            "attachment_url": "https://headstartdata.files.wordpress.com/2016/06/person-smartphone-office-table.jpeg",
            "hs_old_id": 101
        },
        {
            "post_title": "İlk blog gönderisi",
            "post_content": "Bu ilk gönderiniz. Değiştirmek veya silmek için Düzenle'ye tıklayın veya <a href=\"https://wordpress.com/post\">yeni bir gönderi başlatın</a>. İsterseniz, okuyuculara bu bloga neden başladığınızı ve ne yapmayı planladığınızı söylemek için bu gönderiyi kullanın.",
            "post_excerpt": "Bu ilk gönderinizin kısa bir alıntısıdır.",
            "post_status": "publish",
            "comment_status": "open",
            "ping_status": "open",
            "post_type": "post",
            "hs_custom_meta": "_hs_first_post",
            "hs_sharing": 1,
            "hs_like_status": 1,
            "attachment_url": "https://headstartdata.files.wordpress.com/2016/06/pexels-photo-30732.jpg",
            "hs_old_id": 102
        },
        {
            "post_title": "İkinci blog gönderisi",
            "post_content": "Bu sizin ikinci gönderiniz. Değiştirmek veya silmek için Düzenle'ye tıklayın veya <a href=\"https://wordpress.com/post\">yeni bir gönderi başlatın</a>. İsterseniz, okuyuculara bu bloga neden başladığınızı ve ne yapmayı planladığınızı söylemek için bu gönderiyi kullanın.",
            "post_excerpt": "Bu, ikinci gönderinizin bir alıntısıdır.",
            "post_status": "publish",
            "comment_status": "open",
            "ping_status": "open",
            "post_type": "post",
            "hs_custom_meta": "_hs_second_post",
            "hs_sharing": 1,
            "hs_like_status": 1,
            "attachment_url": "https://headstartdata.files.wordpress.com/2016/11/wave-384385_1280.jpg",
            "hs_old_id": 107
        },
        {
            "post_title": "Öne çıkarılmış içerik",
            "post_content": "Bu bir öne çıkarılmış içerik gönderisidir. Değiştirmek veya silmek için Düzenle'ye tıklayın veya <a href=\"https://wordpress.com/post\">yeni bir gönderi başlatın</a>.",
            "post_excerpt": "Bu, öne çıkarılmış gönderinin kısa bir alıntısıdır.",
            "post_status": "publish",
            "comment_status": "open",
            "ping_status": "open",
            "post_type": "post",
            "hs_custom_meta": "_hs_featured_content",
            "hs_sharing": 1,
            "hs_like_status": 1,
            "tags_input": [
                "featured"
            ],
            "attachment_url": "https://headstartdata.files.wordpress.com/2016/08/hwijjf7rwopgej1nb4zb_img_3773.jpg",
            "hs_old_id": 105
        },
        {
            "post_title": "Öne çıkarılmış içerik",
            "post_content": "Bu bir öne çıkarılmış içerik gönderisidir. Değiştirmek veya silmek için Düzenle'ye tıklayın veya <a href=\"https://wordpress.com/post\">yeni bir gönderi başlatın</a>.",
            "post_excerpt": "Bu, öne çıkarılmış gönderinin kısa bir alıntısıdır.",
            "post_status": "publish",
            "comment_status": "open",
            "ping_status": "open",
            "post_type": "post",
            "hs_custom_meta": "_hs_featured_content",
            "hs_sharing": 1,
            "hs_like_status": 1,
            "tags_input": [
                "featured"
            ],
            "attachment_url": "https://headstartdata.files.wordpress.com/2016/06/drink-coffee2.jpg",
            "hs_old_id": 106
        },
        {
            "post_title": "Öne çıkarılmış içerik",
            "post_content": "Bu bir öne çıkarılmış içerik gönderisidir. Değiştirmek veya silmek için Düzenle'ye tıklayın veya <a href=\"https://wordpress.com/post\">yeni bir gönderi başlatın</a>.",
            "post_excerpt": "Bu, öne çıkarılmış gönderinin kısa bir alıntısıdır.",
            "post_status": "publish",
            "comment_status": "open",
            "ping_status": "open",
            "post_type": "post",
            "hs_custom_meta": "_hs_featured_content",
            "hs_sharing": 1,
            "hs_like_status": 1,
            "tags_input": [
                "featured"
            ],
            "hs_old_id": 108
        },
        {
            "post_title": "Büyük bir hayranınız",
            "post_content": "Bu bir <a href=\"https://en.support.wordpress.com/testimonials/\">görüştür</a>. Değiştirmek veya silmek için Düzenle'ye tıklayın veya <a href=\"https://wordpress.com/types/jetpack-testimonial\">yeni bir görüş ekleyin</a>.",
            "post_excerpt": "",
            "post_status": "publish",
            "comment_status": "closed",
            "ping_status": "closed",
            "post_type": "jetpack-testimonial",
            "hs_custom_meta": "_hs_testimonial",
            "hs_sharing": 1,
            "hs_like_status": 1,
            "attachment_url": false,
            "hs_old_id": 300
        },
        {
            "post_title": "Büyük bir hayranınız",
            "post_content": "Bu bir ikinci <a href=\"https://en.support.wordpress.com/testimonials/\">görüştür</a>. Değiştirmek veya silmek için Düzenle'ye tıklayın veya <a href=\"https://wordpress.com/types/jetpack-testimonial\">yeni bir görüş ekleyin</a>.",
            "post_excerpt": "",
            "post_status": "publish",
            "comment_status": "closed",
            "ping_status": "closed",
            "post_type": "jetpack-testimonial",
            "hs_custom_meta": "_hs_testimonial",
            "hs_sharing": 1,
            "hs_like_status": 1,
            "attachment_url": false,
            "hs_old_id": 301
        }
    ],
    "menus": {
        "social-media": {
            "name": "Sosyal Medya",
            "items": [
                {
                    "menu-item-title": "Facebook",
                    "menu-item-db-id": 175,
                    "menu-item-object-id": "175",
                    "menu-item-object": "custom",
                    "menu-item-type": "custom",
                    "menu-item-status": "publish",
                    "menu-item-position": 0,
                    "menu-item-parent-id": "0",
                    "menu-item-description": "",
                    "menu-item-url": "http://www.facebook.com"
                },
                {
                    "menu-item-title": "LinkedIn",
                    "menu-item-db-id": 176,
                    "menu-item-object-id": "176",
                    "menu-item-object": "custom",
                    "menu-item-type": "custom",
                    "menu-item-status": "publish",
                    "menu-item-position": 1,
                    "menu-item-parent-id": "0",
                    "menu-item-description": "",
                    "menu-item-url": "http://www.linkedin.com"
                },
                {
                    "menu-item-title": "Twitter",
                    "menu-item-db-id": 177,
                    "menu-item-object-id": "177",
                    "menu-item-object": "custom",
                    "menu-item-type": "custom",
                    "menu-item-status": "publish",
                    "menu-item-position": 2,
                    "menu-item-parent-id": "0",
                    "menu-item-description": "",
                    "menu-item-url": "http://www.twitter.com"
                },
                {
                    "menu-item-title": "Instagram",
                    "menu-item-db-id": 178,
                    "menu-item-object-id": "178",
                    "menu-item-object": "custom",
                    "menu-item-type": "custom",
                    "menu-item-status": "publish",
                    "menu-item-position": 3,
                    "menu-item-parent-id": "0",
                    "menu-item-description": "",
                    "menu-item-url": "http://www.instagram.com"
                }
            ]
        }
    }
}