{
    "settings": {
        "options": {
            "show_on_front": "posts",
            "posts_per_page": "9",
            "stylesheet": "pub/textbook",
            "featured-content": {
                "tag-id": 35890,
                "tag-name": "featured",
                "hide-tag": 1,
                "show-all": 0
            }
        },
        "theme_mods": {
            "0": false,
            "header_textcolor": "000000",
            "header_image": "https://textbookdemo.files.wordpress.com/2016/07/cropped-cropped-building-54347_1920.jpg",
            "header_image_data": {
                "attachment_id": 112,
                "url": "https://textbookdemo.files.wordpress.com/2016/07/cropped-cropped-building-54347_1920.jpg",
                "thumbnail_url": "https://textbookdemo.files.wordpress.com/2016/07/cropped-cropped-building-54347_1920.jpg",
                "height": 960,
                "width": 1980
            },
            "nav_menu_locations": {
                "header": "primary",
                "jetpack-social-menu": "social-media"
            },
            "custom_logo": "https:\/\/headstartdata.files.wordpress.com\/2017\/02\/textbook-logo.png",
            "jetpack_testimonials": {
                "page-title": "我们的毕业生"
            }
        },
        "headstart": {
            "mapped_id_options": [],
            "mapped_id_theme_mods": [],
            "keep_submenu_items": true
        }
    },
    "widgets": [
        {
            "id": "search-2",
            "id_base": "search",
            "settings": {
                "title": "搜索"
            },
            "sidebar": "sidebar-1",
            "position": 0
        },
        {
            "id": "text-2",
            "id_base": "text",
            "settings": {
                "title": "文本小组件",
                "text": "这是文本小组件，可让您向边栏添加文本或 HTML。您可以使用此类小组件显示文本、链接、图片、HTML 或这些内容的组合，还可以在<a href=\"https://wordpress.com/customize/\">定制器</a>的“小组件”部分编辑这些内容。"
            },
            "sidebar": "sidebar-1",
            "position": 1
        }
    ],
    "content": [
        {
            "post_title": "关于",
            "post_content": "这是“关于”页面的示例。与文章不同，页面更适合显示您希望让人轻松查看并且时限性较低的内容（比如“关于”或“联系信息”）。点击“编辑”链接修改此页面或<a href=\"https://wordpress.com/page\">添加另一页面</a>。",
            "post_excerpt": "这只是“关于”页面的一小段摘录。",
            "post_status": "publish",
            "menu_order": 2,
            "menu_item_description": "This is just a menu item description.",
            "comment_status": "closed",
            "ping_status": "closed",
            "post_type": "page",
            "hs_custom_meta": "_hs_about_page",
            "hs_sharing": 1,
            "hs_like_status": 1,
            "attachment_url": "https://headstartdata.files.wordpress.com/2016/06/stairs-lights-abstract-bubbles1.jpg",
            "hs_old_id": 100
        },
        {
            "post_title": "联系信息",
            "post_content": "这是“联系信息”页面，其中包括一些基本联系信息和联系表单。[contact-form][contact-field label=\"姓名\" type=\"name\" required=\"1\"/][contact-field label=\"电子邮件\" type=\"email\" required=\"1\"/][contact-field label=\"网站\" type=\"url\"/][contact-field label=\"评论\" type=\"textarea\" required=\"1\"/][/contact-form]",
            "post_excerpt": "这只是“联系信息”&nbsp;页面的一小部分。",
            "post_status": "publish",
            "menu_order": 3,
            "menu_item_description": "This is just a menu item description.",
            "comment_status": "closed",
            "ping_status": "closed",
            "post_type": "page",
            "hs_custom_meta": "_hs_contact_page",
            "hs_sharing": 1,
            "hs_like_status": 1,
            "attachment_url": "https://headstartdata.files.wordpress.com/2016/06/person-smartphone-office-table.jpeg",
            "hs_old_id": 101
        },
        {
            "post_title": "第一篇博文",
            "post_content": "这是您的第一篇文章。点击“编辑”链接修改或删除该文章，或者<a href=\"https://wordpress.com/post\">开始撰写新文章</a>。如果您愿意，可以通过这篇文章告诉读者您创建此博客的原因以及您打算使用它做些什么。",
            "post_excerpt": "这是您的第一篇文章的摘录。",
            "post_status": "publish",
            "comment_status": "open",
            "ping_status": "open",
            "post_type": "post",
            "hs_custom_meta": "_hs_first_post",
            "hs_sharing": 1,
            "hs_like_status": 1,
            "attachment_url": "https://headstartdata.files.wordpress.com/2016/06/pexels-photo-30732.jpg",
            "hs_old_id": 102
        },
        {
            "post_title": "第二篇博文",
            "post_content": "这是您的第二篇文章。点击“编辑”链接修改或删除该文章，或者<a href=\"https://wordpress.com/post\">开始撰写新文章</a>。如果您愿意，可以通过这篇文章告诉读者您创建此博客的原因以及您打算使用它做些什么。",
            "post_excerpt": "这是您第二篇文章的摘录。",
            "post_status": "publish",
            "comment_status": "open",
            "ping_status": "open",
            "post_type": "post",
            "hs_custom_meta": "_hs_second_post",
            "hs_sharing": 1,
            "hs_like_status": 1,
            "attachment_url": "https://headstartdata.files.wordpress.com/2016/11/wave-384385_1280.jpg",
            "hs_old_id": 107
        },
        {
            "post_title": "推荐内容",
            "post_content": "这是推荐内容文章。点击“编辑”链接修改或删除该文章，或者<a href=\"https://wordpress.com/post\">开始撰写新文章</a>。",
            "post_excerpt": "这是推荐文章的摘录。",
            "post_status": "publish",
            "comment_status": "open",
            "ping_status": "open",
            "post_type": "post",
            "hs_custom_meta": "_hs_featured_content",
            "hs_sharing": 1,
            "hs_like_status": 1,
            "tags_input": [
                "featured"
            ],
            "attachment_url": "https://headstartdata.files.wordpress.com/2016/08/hwijjf7rwopgej1nb4zb_img_3773.jpg",
            "hs_old_id": 105
        },
        {
            "post_title": "推荐内容",
            "post_content": "这是推荐内容文章。点击“编辑”链接修改或删除该文章，或者<a href=\"https://wordpress.com/post\">开始撰写新文章</a>。",
            "post_excerpt": "这是推荐文章的摘录。",
            "post_status": "publish",
            "comment_status": "open",
            "ping_status": "open",
            "post_type": "post",
            "hs_custom_meta": "_hs_featured_content",
            "hs_sharing": 1,
            "hs_like_status": 1,
            "tags_input": [
                "featured"
            ],
            "attachment_url": "https://headstartdata.files.wordpress.com/2016/06/drink-coffee2.jpg",
            "hs_old_id": 106
        },
        {
            "post_title": "推荐内容",
            "post_content": "这是推荐内容文章。点击“编辑”链接修改或删除该文章，或者<a href=\"https://wordpress.com/post\">开始撰写新文章</a>。",
            "post_excerpt": "这是推荐文章的摘录。",
            "post_status": "publish",
            "comment_status": "open",
            "ping_status": "open",
            "post_type": "post",
            "hs_custom_meta": "_hs_featured_content",
            "hs_sharing": 1,
            "hs_like_status": 1,
            "tags_input": [
                "featured"
            ],
            "hs_old_id": 108
        },
        {
            "post_title": "您的超级粉丝",
            "post_content": "这是一篇<a href=\"https://en.support.wordpress.com/testimonials/\">好评</a>。点击“编辑”链接即可进行修改或删除，也可以<a href=\"https://wordpress.com/types/jetpack-testimonial\">添加新好评</a>。",
            "post_excerpt": "",
            "post_status": "publish",
            "comment_status": "closed",
            "ping_status": "closed",
            "post_type": "jetpack-testimonial",
            "hs_custom_meta": "_hs_testimonial",
            "hs_sharing": 1,
            "hs_like_status": 1,
            "attachment_url": false,
            "hs_old_id": 300
        },
        {
            "post_title": "您的超级粉丝",
            "post_content": "这是第二篇<a href=\"https://en.support.wordpress.com/testimonials/\">好评</a>。点击“编辑”链接即可进行修改或删除，也可以<a href=\"https://wordpress.com/types/jetpack-testimonial\">添加新好评</a>。",
            "post_excerpt": "",
            "post_status": "publish",
            "comment_status": "closed",
            "ping_status": "closed",
            "post_type": "jetpack-testimonial",
            "hs_custom_meta": "_hs_testimonial",
            "hs_sharing": 1,
            "hs_like_status": 1,
            "attachment_url": false,
            "hs_old_id": 301
        }
    ],
    "menus": {
        "social-media": {
            "name": "社交媒体",
            "items": [
                {
                    "menu-item-title": "Facebook",
                    "menu-item-db-id": 175,
                    "menu-item-object-id": "175",
                    "menu-item-object": "custom",
                    "menu-item-type": "custom",
                    "menu-item-status": "publish",
                    "menu-item-position": 0,
                    "menu-item-parent-id": "0",
                    "menu-item-description": "",
                    "menu-item-url": "http://www.facebook.com"
                },
                {
                    "menu-item-title": "领英",
                    "menu-item-db-id": 176,
                    "menu-item-object-id": "176",
                    "menu-item-object": "custom",
                    "menu-item-type": "custom",
                    "menu-item-status": "publish",
                    "menu-item-position": 1,
                    "menu-item-parent-id": "0",
                    "menu-item-description": "",
                    "menu-item-url": "http://www.linkedin.com"
                },
                {
                    "menu-item-title": "Twitter",
                    "menu-item-db-id": 177,
                    "menu-item-object-id": "177",
                    "menu-item-object": "custom",
                    "menu-item-type": "custom",
                    "menu-item-status": "publish",
                    "menu-item-position": 2,
                    "menu-item-parent-id": "0",
                    "menu-item-description": "",
                    "menu-item-url": "http://www.twitter.com"
                },
                {
                    "menu-item-title": "Instagram",
                    "menu-item-db-id": 178,
                    "menu-item-object-id": "178",
                    "menu-item-object": "custom",
                    "menu-item-type": "custom",
                    "menu-item-status": "publish",
                    "menu-item-position": 3,
                    "menu-item-parent-id": "0",
                    "menu-item-description": "",
                    "menu-item-url": "http://www.instagram.com"
                }
            ]
        }
    }
}