{
    "settings": {
        "options": {
            "show_on_front": "posts",
            "posts_per_page": "9",
            "stylesheet": "pub/textbook",
            "featured-content": {
                "tag-id": 35890,
                "tag-name": "featured",
                "hide-tag": 1,
                "show-all": 0
            }
        },
        "theme_mods": {
            "0": false,
            "header_textcolor": "000000",
            "header_image": "https://textbookdemo.files.wordpress.com/2016/07/cropped-cropped-building-54347_1920.jpg",
            "header_image_data": {
                "attachment_id": 112,
                "url": "https://textbookdemo.files.wordpress.com/2016/07/cropped-cropped-building-54347_1920.jpg",
                "thumbnail_url": "https://textbookdemo.files.wordpress.com/2016/07/cropped-cropped-building-54347_1920.jpg",
                "height": 960,
                "width": 1980
            },
            "nav_menu_locations": {
                "header": "primary",
                "jetpack-social-menu": "social-media"
            },
            "custom_logo": "https:\/\/headstartdata.files.wordpress.com\/2017\/02\/textbook-logo.png",
            "jetpack_testimonials": {
                "page-title": "我們的校友"
            }
        },
        "headstart": {
            "mapped_id_options": [],
            "mapped_id_theme_mods": [],
            "keep_submenu_items": true
        }
    },
    "widgets": [
        {
            "id": "search-2",
            "id_base": "search",
            "settings": {
                "title": "搜尋"
            },
            "sidebar": "sidebar-1",
            "position": 0
        },
        {
            "id": "text-2",
            "id_base": "text",
            "settings": {
                "title": "文字小工具",
                "text": "這個文字小工具可讓你在側邊欄新增文字或 HTML。你可以利用這個工具來顯示文字、連結、圖片、HTML，或綜合顯示上述多種元素。前往<a href=\"https://wordpress.com/customize/\">自訂工具</a>的「小工具」區段即可加以編輯。"
            },
            "sidebar": "sidebar-1",
            "position": 1
        }
    ],
    "content": [
        {
            "post_title": "簡介",
            "post_content": "這是「簡介」網頁的範例。網頁與文章不同，有些不會隨時間改變的內容，例如「簡介」或「聯絡資訊」，都更適合放在網頁中，以方便訪客輕鬆存取。按一下「編輯」連結，以變更此網頁或<a href=\"https://wordpress.com/page\">新增其他網頁</a>。",
            "post_excerpt": "這只是「關於」&nbsp;頁面的簡短摘要。",
            "post_status": "publish",
            "menu_order": 2,
            "menu_item_description": "This is just a menu item description.",
            "comment_status": "closed",
            "ping_status": "closed",
            "post_type": "page",
            "hs_custom_meta": "_hs_about_page",
            "hs_sharing": 1,
            "hs_like_status": 1,
            "attachment_url": "https://headstartdata.files.wordpress.com/2016/06/stairs-lights-abstract-bubbles1.jpg",
            "hs_old_id": 100
        },
        {
            "post_title": "聯絡",
            "post_content": "此為提供基本聯絡資訊和聯絡表單的聯絡網頁。[contact-form][contact-field label=\"姓名\" type=\"name\" required=\"1\"/][contact-field label=\"電子郵件\" type=\"email\" required=\"1\"/][contact-field label=\"網站\" type=\"url\"/][contact-field label=\"留言\" type=\"textarea\" required=\"1\"/][/contact-form]",
            "post_excerpt": "這只是「聯絡」&nbsp;頁面的簡短摘要。",
            "post_status": "publish",
            "menu_order": 3,
            "menu_item_description": "This is just a menu item description.",
            "comment_status": "closed",
            "ping_status": "closed",
            "post_type": "page",
            "hs_custom_meta": "_hs_contact_page",
            "hs_sharing": 1,
            "hs_like_status": 1,
            "attachment_url": "https://headstartdata.files.wordpress.com/2016/06/person-smartphone-office-table.jpeg",
            "hs_old_id": 101
        },
        {
            "post_title": "第一篇網誌文章",
            "post_content": "這是你發表的第一篇文章。按一下「編輯」連結即可修改或刪除文章，或是<a href=\"https://wordpress.com/post\">開始撰寫新文章</a>。你可以利用這篇文章告訴讀者這個網誌的建立原因，以及網誌的未來計畫。",
            "post_excerpt": "這是你第一篇文章的文章摘要。",
            "post_status": "publish",
            "comment_status": "open",
            "ping_status": "open",
            "post_type": "post",
            "hs_custom_meta": "_hs_first_post",
            "hs_sharing": 1,
            "hs_like_status": 1,
            "attachment_url": "https://headstartdata.files.wordpress.com/2016/06/pexels-photo-30732.jpg",
            "hs_old_id": 102
        },
        {
            "post_title": "第二篇網誌文章",
            "post_content": "這是你的第二篇文章。按一下「編輯」連結即可修改或刪除文章，或是<a href=\"https://wordpress.com/post\">開始撰寫新文章</a>。你可以利用這篇文章告訴讀者這個網誌的建立原因，以及網誌的未來計畫。",
            "post_excerpt": "這是你第二篇文章的文章摘要。",
            "post_status": "publish",
            "comment_status": "open",
            "ping_status": "open",
            "post_type": "post",
            "hs_custom_meta": "_hs_second_post",
            "hs_sharing": 1,
            "hs_like_status": 1,
            "attachment_url": "https://headstartdata.files.wordpress.com/2016/11/wave-384385_1280.jpg",
            "hs_old_id": 107
        },
        {
            "post_title": "精選內容",
            "post_content": "這是一篇精選內容文章。按一下「編輯」連結即可修改或刪除文章，或是<a href=\"https://wordpress.com/post\">開始撰寫新文章</a>。",
            "post_excerpt": "這是精選文章的文章摘要。",
            "post_status": "publish",
            "comment_status": "open",
            "ping_status": "open",
            "post_type": "post",
            "hs_custom_meta": "_hs_featured_content",
            "hs_sharing": 1,
            "hs_like_status": 1,
            "tags_input": [
                "featured"
            ],
            "attachment_url": "https://headstartdata.files.wordpress.com/2016/08/hwijjf7rwopgej1nb4zb_img_3773.jpg",
            "hs_old_id": 105
        },
        {
            "post_title": "精選內容",
            "post_content": "這是一篇精選內容文章。按一下「編輯」連結即可修改或刪除文章，或是<a href=\"https://wordpress.com/post\">開始撰寫新文章</a>。",
            "post_excerpt": "這是精選文章的文章摘要。",
            "post_status": "publish",
            "comment_status": "open",
            "ping_status": "open",
            "post_type": "post",
            "hs_custom_meta": "_hs_featured_content",
            "hs_sharing": 1,
            "hs_like_status": 1,
            "tags_input": [
                "featured"
            ],
            "attachment_url": "https://headstartdata.files.wordpress.com/2016/06/drink-coffee2.jpg",
            "hs_old_id": 106
        },
        {
            "post_title": "精選內容",
            "post_content": "這是一篇精選內容文章。按一下「編輯」連結即可修改或刪除文章，或是<a href=\"https://wordpress.com/post\">開始撰寫新文章</a>。",
            "post_excerpt": "這是精選文章的文章摘要。",
            "post_status": "publish",
            "comment_status": "open",
            "ping_status": "open",
            "post_type": "post",
            "hs_custom_meta": "_hs_featured_content",
            "hs_sharing": 1,
            "hs_like_status": 1,
            "tags_input": [
                "featured"
            ],
            "hs_old_id": 108
        },
        {
            "post_title": "你的超級粉絲",
            "post_content": "這是<a href=\"https://en.support.wordpress.com/testimonials/\">證言</a>。按一下「編輯」連結以修改或刪除證言，或<a href=\"https://wordpress.com/types/jetpack-testimonial\">新增證言</a>。",
            "post_excerpt": "",
            "post_status": "publish",
            "comment_status": "closed",
            "ping_status": "closed",
            "post_type": "jetpack-testimonial",
            "hs_custom_meta": "_hs_testimonial",
            "hs_sharing": 1,
            "hs_like_status": 1,
            "attachment_url": false,
            "hs_old_id": 300
        },
        {
            "post_title": "你的超級粉絲",
            "post_content": "這是第二個<a href=\"https://en.support.wordpress.com/testimonials/\">證言</a>。按一下「編輯」連結以修改或刪除證言，或<a href=\"https://wordpress.com/types/jetpack-testimonial\">新增證言</a>。",
            "post_excerpt": "",
            "post_status": "publish",
            "comment_status": "closed",
            "ping_status": "closed",
            "post_type": "jetpack-testimonial",
            "hs_custom_meta": "_hs_testimonial",
            "hs_sharing": 1,
            "hs_like_status": 1,
            "attachment_url": false,
            "hs_old_id": 301
        }
    ],
    "menus": {
        "social-media": {
            "name": "社交媒體",
            "items": [
                {
                    "menu-item-title": "Facebook",
                    "menu-item-db-id": 175,
                    "menu-item-object-id": "175",
                    "menu-item-object": "custom",
                    "menu-item-type": "custom",
                    "menu-item-status": "publish",
                    "menu-item-position": 0,
                    "menu-item-parent-id": "0",
                    "menu-item-description": "",
                    "menu-item-url": "http://www.facebook.com"
                },
                {
                    "menu-item-title": "LinkedIn",
                    "menu-item-db-id": 176,
                    "menu-item-object-id": "176",
                    "menu-item-object": "custom",
                    "menu-item-type": "custom",
                    "menu-item-status": "publish",
                    "menu-item-position": 1,
                    "menu-item-parent-id": "0",
                    "menu-item-description": "",
                    "menu-item-url": "http://www.linkedin.com"
                },
                {
                    "menu-item-title": "Twitter",
                    "menu-item-db-id": 177,
                    "menu-item-object-id": "177",
                    "menu-item-object": "custom",
                    "menu-item-type": "custom",
                    "menu-item-status": "publish",
                    "menu-item-position": 2,
                    "menu-item-parent-id": "0",
                    "menu-item-description": "",
                    "menu-item-url": "http://www.twitter.com"
                },
                {
                    "menu-item-title": "Instagram",
                    "menu-item-db-id": 178,
                    "menu-item-object-id": "178",
                    "menu-item-object": "custom",
                    "menu-item-type": "custom",
                    "menu-item-status": "publish",
                    "menu-item-position": 3,
                    "menu-item-parent-id": "0",
                    "menu-item-description": "",
                    "menu-item-url": "http://www.instagram.com"
                }
            ]
        }
    }
}